survived,pclass,sex,age,sibsp,parch,fare,embarked,class,who,adult_male,embark_town,alive,alone,age_standardized,fare_standardized
0,3,male,22.0,1,0,7.25,S,Third,man,True,Southampton,no,False,-0.5657364610748746,-0.5024451714361923
1,1,female,38.0,1,0,71.2833,C,First,woman,False,Cherbourg,yes,False,0.6638610320657843,0.7868452935884461
1,3,female,26.0,0,0,7.925,S,Third,woman,False,Southampton,yes,True,-0.2583370877897099,-0.4888542575852486
1,1,female,35.0,1,0,53.1,S,First,woman,False,Southampton,yes,False,0.4333115021019107,0.4207302360686478
0,3,male,35.0,0,0,8.05,S,Third,man,True,Southampton,no,True,0.4333115021019107,-0.4863374216869257
0,3,male,28.0,0,0,8.4583,Q,Third,man,True,Queenstown,no,True,-0.10463740114712752,-0.47811642890864375
0,1,male,54.0,0,0,51.8625,S,First,man,True,Southampton,no,True,1.893458525206443,0.395813560675251
0,3,male,2.0,3,1,21.075,S,Third,child,False,Southampton,no,False,-2.1027333275006983,-0.22408312108167944
1,3,female,27.0,0,2,11.1333,S,Third,woman,False,Southampton,yes,False,-0.1814872444684187,-0.4242561406845337
1,2,female,14.0,1,0,30.0708,C,Second,child,False,Cherbourg,yes,False,-1.180535207645204,-0.04295550208861426
1,3,female,4.0,1,1,16.7,S,Third,child,False,Southampton,yes,False,-1.949033640858116,-0.312172377522981
1,1,female,58.0,0,0,26.55,S,First,woman,False,Southampton,yes,True,2.200857898491608,-0.11384570873513637
0,3,male,20.0,0,0,8.05,S,Third,man,True,Southampton,no,True,-0.719436147717457,-0.4863374216869257
0,3,male,39.0,1,5,31.275,S,Third,man,True,Southampton,no,False,0.7407108753870755,-0.01870931177853076
0,3,female,14.0,0,0,7.8542,S,Third,child,False,Southampton,no,True,-1.180535207645204,-0.4902797934380587
1,2,female,55.0,0,0,16.0,S,Second,woman,False,Southampton,yes,True,1.9703083685277343,-0.3262666585535892
0,3,male,2.0,4,1,29.125,Q,Third,child,False,Queenstown,no,False,-2.1027333275006983,-0.06199888922968463
1,2,male,28.0,0,0,13.0,S,Second,man,True,Southampton,yes,True,-0.10463740114712752,-0.3866707201133388
0,3,female,31.0,1,0,18.0,S,Third,woman,False,Southampton,no,False,0.12591212881674602,-0.2859972841804228
1,3,female,28.0,0,0,7.225,C,Third,woman,False,Cherbourg,yes,True,-0.10463740114712752,-0.5029485386158568
0,2,male,35.0,0,0,26.0,S,Second,man,True,Southampton,no,True,0.4333115021019107,-0.12491978668775715
1,2,male,34.0,0,0,13.0,S,Second,man,True,Southampton,yes,True,0.35646165878061953,-0.3866707201133388
1,3,female,15.0,0,0,8.0292,Q,Third,child,False,Queenstown,yes,True,-1.1036853643239128,-0.4867562231804066
1,1,male,28.0,0,0,35.5,S,First,man,True,Southampton,yes,True,-0.10463740114712752,0.06635974158478332
0,3,female,8.0,3,1,21.075,S,Third,child,False,Southampton,no,False,-1.6416342675729512,-0.22408312108167944
1,3,female,38.0,1,5,31.3875,S,Third,woman,False,Southampton,yes,False,0.6638610320657843,-0.016444159470040135
0,3,male,28.0,0,0,7.225,C,Third,man,True,Cherbourg,no,True,-0.10463740114712752,-0.5029485386158568
0,1,male,19.0,3,2,263.0,S,First,man,True,Southampton,no,False,-0.7962859910387481,4.647001076532463
1,3,female,28.0,0,0,7.8792,Q,Third,woman,False,Queenstown,yes,True,-0.10463740114712752,-0.48977642625839407
0,3,male,28.0,0,0,7.8958,S,Third,man,True,Southampton,no,True,-0.10463740114712752,-0.4894421904510968
0,1,male,40.0,0,0,27.7208,C,First,man,True,Cherbourg,no,True,0.8175607187083667,-0.09027201697708476
1,1,female,28.0,1,0,146.5208,C,First,woman,False,Cherbourg,yes,False,-0.10463740114712752,2.301728820789
1,3,female,28.0,0,0,7.75,Q,Third,woman,False,Queenstown,yes,True,-0.10463740114712752,-0.49237782784290063
0,2,male,66.0,0,0,10.5,S,Second,man,True,Southampton,no,True,2.8156566450619374,-0.43700743807979686
0,1,male,28.0,1,0,82.1708,C,First,man,True,Cherbourg,no,False,-0.10463740114712752,1.0060617003323709
0,1,male,42.0,1,0,52.0,S,First,man,True,Southampton,no,False,0.9712604053509489,0.39858208016340624
1,3,male,28.0,0,0,7.2292,C,Third,man,True,Cherbourg,yes,True,-0.10463740114712752,-0.5028639729296732
0,3,male,21.0,0,0,8.05,S,Third,man,True,Southampton,no,True,-0.6425863043961658,-0.4863374216869257
0,3,female,18.0,2,0,18.0,S,Third,woman,False,Southampton,no,False,-0.8731358343600393,-0.2859972841804228
1,3,female,14.0,1,0,11.2417,C,Third,child,False,Cherbourg,yes,False,-1.180535207645204,-0.42207354059350805
0,3,female,40.0,1,0,9.475,S,Third,woman,False,Southampton,no,False,0.8175607187083667,-0.4576454924460446
0,2,female,27.0,1,0,21.0,S,Second,woman,False,Southampton,no,False,-0.1814872444684187,-0.22559322262067316
0,3,male,28.0,0,0,7.8958,C,Third,man,True,Cherbourg,no,True,-0.10463740114712752,-0.4894421904510968
1,2,female,3.0,1,2,41.5792,C,Second,child,False,Cherbourg,yes,False,-2.025883484179407,0.18876253192945994
1,3,female,19.0,0,0,7.8792,Q,Third,woman,False,Queenstown,yes,True,-0.7962859910387481,-0.48977642625839407
0,3,male,28.0,0,0,8.05,S,Third,man,True,Southampton,no,True,-0.10463740114712752,-0.4863374216869257
0,3,male,28.0,1,0,15.5,Q,Third,man,True,Queenstown,no,False,-0.10463740114712752,-0.3363340021468808
1,3,female,28.0,0,0,7.75,Q,Third,woman,False,Queenstown,yes,True,-0.10463740114712752,-0.49237782784290063
0,3,male,28.0,2,0,21.6792,C,Third,man,True,Cherbourg,no,False,-0.10463740114712752,-0.21191774308354583
0,3,female,18.0,1,0,17.8,S,Third,woman,False,Southampton,no,False,-0.8731358343600393,-0.29002422161773944
0,3,male,7.0,4,1,39.6875,S,Third,child,False,Southampton,no,False,-1.7184841108942424,0.1506737441786005
0,3,male,21.0,0,0,7.8,S,Third,man,True,Southampton,no,True,-0.6425863043961658,-0.4913710934835715
1,1,female,49.0,1,0,76.7292,C,First,woman,False,Cherbourg,yes,False,1.5092093085999871,0.8964967865378598
1,2,female,29.0,1,0,26.0,S,Second,woman,False,Southampton,yes,False,-0.027787557825836348,-0.12491978668775715
0,1,male,65.0,0,1,61.9792,C,First,man,True,Cherbourg,no,False,2.738806801740646,0.5995101505357573
1,1,male,28.0,0,0,35.5,S,First,man,True,Southampton,yes,True,-0.10463740114712752,0.06635974158478332
1,2,female,21.0,0,0,10.5,S,Second,woman,False,Southampton,yes,True,-0.6425863043961658,-0.43700743807979686
0,3,male,28.5,0,0,7.2292,C,Third,man,True,Cherbourg,no,True,-0.06621247948648194,-0.5028639729296732
1,2,female,5.0,1,2,27.75,S,Second,child,False,Southampton,yes,False,-1.8721837975368247,-0.08968408411123653
0,3,male,11.0,5,2,46.9,S,Third,child,False,Southampton,no,False,-1.4110847376090776,0.2958951755118318
0,3,male,22.0,0,0,7.2292,C,Third,man,True,Cherbourg,no,True,-0.5657364610748746,-0.5028639729296732
1,1,female,38.0,0,0,80.0,S,First,woman,False,Southampton,yes,True,0.6638610320657843,0.962353321387736
0,1,male,45.0,1,0,83.475,S,First,man,True,Southampton,no,False,1.2018099353148226,1.0323213593611125
0,3,male,4.0,3,2,27.9,S,Third,child,False,Southampton,no,False,-1.949033640858116,-0.08666388103324908
0,1,male,28.0,0,0,27.7208,C,First,man,True,Cherbourg,no,True,-0.10463740114712752,-0.09027201697708476
1,3,male,28.0,1,1,15.2458,C,Third,man,True,Cherbourg,yes,False,-0.10463740114712752,-0.3414522396297103
1,2,female,29.0,0,0,10.5,S,Second,woman,False,Southampton,yes,True,-0.027787557825836348,-0.43700743807979686
0,3,male,19.0,0,0,8.1583,S,Third,man,True,Southampton,no,True,-0.7962859910387481,-0.4841568350646187
1,3,female,17.0,4,2,7.925,S,Third,woman,False,Southampton,yes,False,-0.9499856776813305,-0.4888542575852486
0,3,male,26.0,2,0,8.6625,S,Third,man,True,Southampton,no,False,-0.2583370877897099,-0.47400492578514347
0,2,male,32.0,0,0,10.5,S,Second,man,True,Southampton,no,True,0.20276197213803718,-0.43700743807979686
0,3,female,16.0,5,2,46.9,S,Third,woman,False,Southampton,no,False,-1.0268355210026217,0.2958951755118318
0,2,male,21.0,0,0,73.5,S,Second,man,True,Southampton,no,True,-0.6425863043961658,0.8314778546749452
0,3,male,26.0,1,0,14.4542,C,Third,man,True,Cherbourg,no,False,-0.2583370877897099,-0.3573908580066095
1,3,male,32.0,0,0,56.4958,S,Third,man,True,Southampton,yes,True,0.20276197213803718,0.48910360681684706
0,3,male,25.0,0,0,7.65,S,Third,man,True,Southampton,no,True,-0.33518693111100106,-0.494391296561559
0,3,male,28.0,0,0,7.8958,S,Third,man,True,Southampton,no,True,-0.10463740114712752,-0.4894421904510968
0,3,male,28.0,0,0,8.05,S,Third,man,True,Southampton,no,True,-0.10463740114712752,-0.4863374216869257
1,2,male,0.83,0,2,29.0,S,Second,child,False,Southampton,yes,False,-2.192647644186609,-0.06451572512800753
1,3,female,30.0,0,0,12.475,S,Third,woman,False,Southampton,yes,True,0.04906228549545483,-0.397241430886295
0,3,male,22.0,0,0,9.0,S,Third,man,True,Southampton,no,True,-0.5657364610748746,-0.46720946885967163
1,3,male,29.0,0,0,9.5,S,Third,man,True,Southampton,yes,True,-0.027787557825836348,-0.45714212526638004
1,3,female,28.0,0,0,7.7875,Q,Third,woman,False,Queenstown,yes,True,-0.10463740114712752,-0.49162277707340374
0,1,male,28.0,0,0,47.1,S,First,man,True,Southampton,no,True,-0.10463740114712752,0.29992211294914856
1,2,female,17.0,0,0,10.5,S,Second,woman,False,Southampton,yes,True,-0.9499856776813305,-0.43700743807979686
1,3,female,33.0,3,0,15.85,S,Third,woman,False,Southampton,yes,False,0.27961181545932834,-0.32928686163157667
0,3,male,16.0,1,3,34.375,S,Third,man,True,Southampton,no,False,-1.0268355210026217,0.04370821849987721
0,3,male,28.0,0,0,8.05,S,Third,man,True,Southampton,no,True,-0.10463740114712752,-0.4863374216869257
1,1,female,23.0,3,2,263.0,S,First,woman,False,Southampton,yes,False,-0.48888661775358344,4.647001076532463
0,3,male,24.0,0,0,8.05,S,Third,man,True,Southampton,no,True,-0.41203677443229225,-0.4863374216869257
0,3,male,29.0,0,0,8.05,S,Third,man,True,Southampton,no,True,-0.027787557825836348,-0.4863374216869257
0,3,male,20.0,0,0,7.8542,S,Third,man,True,Southampton,no,True,-0.719436147717457,-0.4902797934380587
0,1,male,46.0,1,0,61.175,S,First,man,True,Southampton,no,False,1.2786597786361138,0.5833178351003071
0,3,male,26.0,1,2,20.575,S,Third,man,True,Southampton,no,False,-0.2583370877897099,-0.23415046467497105
0,3,male,59.0,0,0,7.25,S,Third,man,True,Southampton,no,True,2.277707741812899,-0.5024451714361923
0,3,male,28.0,0,0,8.05,S,Third,man,True,Southampton,no,True,-0.10463740114712752,-0.4863374216869257
0,1,male,71.0,0,0,34.6542,C,First,man,True,Cherbourg,no,True,3.1999058616683933,0.0493298231623713
1,1,male,23.0,0,1,63.3583,C,First,man,True,Cherbourg,yes,False,-0.48888661775358344,0.6272778976347743
1,2,female,34.0,0,1,23.0,S,Second,woman,False,Southampton,yes,False,0.35646165878061953,-0.18532384824750675
0,2,male,34.0,1,0,26.0,S,Second,man,True,Southampton,no,False,0.35646165878061953,-0.12491978668775715
0,3,female,28.0,0,0,7.8958,S,Third,woman,False,Southampton,no,True,-0.10463740114712752,-0.4894421904510968
0,3,male,28.0,0,0,7.8958,S,Third,man,True,Southampton,no,True,-0.10463740114712752,-0.4894421904510968
0,1,male,21.0,0,1,77.2875,S,First,man,True,Southampton,no,False,-0.6425863043961658,0.907737982394129
0,3,male,33.0,0,0,8.6542,S,Third,man,True,Southampton,no,True,0.27961181545932834,-0.4741720436887921
0,3,male,37.0,2,0,7.925,S,Third,man,True,Southampton,no,False,0.5870111887444931,-0.4888542575852486
0,3,male,28.0,0,0,7.8958,S,Third,man,True,Southampton,no,True,-0.10463740114712752,-0.4894421904510968
1,3,female,21.0,0,0,7.65,S,Third,woman,False,Southampton,yes,True,-0.6425863043961658,-0.494391296561559
1,3,male,28.0,0,0,7.775,S,Third,man,True,Southampton,yes,True,-0.10463740114712752,-0.4918744606632361
0,3,male,38.0,0,0,7.8958,S,Third,man,True,Southampton,no,True,0.6638610320657843,-0.4894421904510968
1,3,female,28.0,1,0,24.15,Q,Third,woman,False,Queenstown,yes,False,-0.10463740114712752,-0.1621689579829361
0,1,male,47.0,0,0,52.0,S,First,man,True,Southampton,no,True,1.3555096219574048,0.39858208016340624
0,3,female,14.5,1,0,14.4542,C,Third,child,False,Cherbourg,no,False,-1.1421102859845584,-0.3573908580066095
0,3,male,22.0,0,0,8.05,S,Third,man,True,Southampton,no,True,-0.5657364610748746,-0.4863374216869257
0,3,female,20.0,1,0,9.825,S,Third,woman,False,Southampton,no,False,-0.719436147717457,-0.4505983519307405
0,3,female,17.0,0,0,14.4583,C,Third,woman,False,Cherbourg,no,True,-0.9499856776813305,-0.3573083057891445
0,3,male,21.0,0,0,7.925,S,Third,man,True,Southampton,no,True,-0.6425863043961658,-0.4888542575852486
0,3,male,70.5,0,0,7.75,Q,Third,man,True,Queenstown,no,True,3.1614809400077477,-0.49237782784290063
0,2,male,29.0,1,0,21.0,S,Second,man,True,Southampton,no,False,-0.027787557825836348,-0.22559322262067316
0,1,male,24.0,0,1,247.5208,C,First,man,True,Cherbourg,no,False,-0.41203677443229225,4.335332226633905
0,3,female,2.0,4,2,31.275,S,Third,child,False,Southampton,no,False,-2.1027333275006983,-0.01870931177853076
0,2,male,21.0,2,0,73.5,S,Second,man,True,Southampton,no,False,-0.6425863043961658,0.8314778546749452
0,3,male,28.0,0,0,8.05,S,Third,man,True,Southampton,no,True,-0.10463740114712752,-0.4863374216869257
0,2,male,32.5,1,0,30.0708,C,Second,man,True,Cherbourg,no,False,0.24118689379868277,-0.04295550208861426
1,2,female,32.5,0,0,13.0,S,Second,woman,False,Southampton,yes,True,0.24118689379868277,-0.3866707201133388
0,1,male,54.0,0,1,77.2875,S,First,man,True,Southampton,no,False,1.893458525206443,0.907737982394129
1,3,male,12.0,1,0,11.2417,C,Third,child,False,Cherbourg,yes,False,-1.3342348942877864,-0.42207354059350805
0,3,male,28.0,0,0,7.75,Q,Third,man,True,Queenstown,no,True,-0.10463740114712752,-0.49237782784290063
1,3,male,24.0,0,0,7.1417,S,Third,man,True,Southampton,yes,True,-0.41203677443229225,-0.5046257580584992
1,3,female,28.0,1,1,22.3583,C,Third,woman,False,Cherbourg,yes,False,-0.10463740114712752,-0.19824427701513722
0,3,male,45.0,0,0,6.975,S,Third,man,True,Southampton,no,True,1.2018099353148226,-0.5079822104125026
0,3,male,33.0,0,0,7.8958,C,Third,man,True,Cherbourg,no,True,0.27961181545932834,-0.4894421904510968
0,3,male,20.0,0,0,7.05,S,Third,man,True,Southampton,no,True,-0.719436147717457,-0.5064721088735089
0,3,female,47.0,1,0,14.5,S,Third,woman,False,Southampton,no,False,1.3555096219574048,-0.35646868933346404
1,2,female,29.0,1,0,26.0,S,Second,woman,False,Southampton,yes,False,-0.027787557825836348,-0.12491978668775715
0,2,male,25.0,0,0,13.0,S,Second,man,True,Southampton,no,True,-0.33518693111100106,-0.3866707201133388
0,2,male,23.0,0,0,15.0458,C,Second,man,True,Cherbourg,no,True,-0.48888661775358344,-0.3454791770670269
1,1,female,19.0,0,2,26.2833,S,First,woman,False,Southampton,yes,False,-0.7962859910387481,-0.11921562980779811
0,1,male,37.0,1,0,53.1,S,First,man,True,Southampton,no,False,0.5870111887444931,0.4207302360686478
0,3,male,16.0,0,0,9.2167,S,Third,man,True,Southampton,no,True,-1.0268355210026217,-0.4628462821463391
0,1,male,24.0,0,0,79.2,C,First,man,True,Cherbourg,no,True,-0.41203677443229225,0.9462455716384695
0,3,female,28.0,0,2,15.2458,C,Third,woman,False,Cherbourg,no,False,-0.10463740114712752,-0.3414522396297103
1,3,female,22.0,0,0,7.75,S,Third,woman,False,Southampton,yes,True,-0.5657364610748746,-0.49237782784290063
1,3,female,24.0,1,0,15.85,S,Third,woman,False,Southampton,yes,False,-0.41203677443229225,-0.32928686163157667
0,3,male,19.0,0,0,6.75,Q,Third,man,True,Queenstown,no,True,-0.7962859910387481,-0.5125125150294839
0,2,male,18.0,0,0,11.5,S,Second,man,True,Southampton,no,True,-0.8731358343600393,-0.41687275089321363
0,2,male,19.0,1,1,36.75,S,Second,man,True,Southampton,no,False,-0.7962859910387481,0.09152810056801232
1,3,male,27.0,0,0,7.7958,S,Third,man,True,Southampton,yes,True,-0.1814872444684187,-0.49145565916975514
0,3,female,9.0,2,2,34.375,S,Third,child,False,Southampton,no,False,-1.56478442425166,0.04370821849987721
0,2,male,36.5,0,2,26.0,S,Second,man,True,Southampton,no,False,0.5485862670838475,-0.12491978668775715
0,2,male,42.0,0,0,13.0,S,Second,man,True,Southampton,no,True,0.9712604053509489,-0.3866707201133388
0,2,male,51.0,0,0,12.525,S,Second,man,True,Southampton,no,True,1.6629089952425695,-0.39623469652696586
1,1,female,22.0,1,0,66.6,S,First,woman,False,Southampton,yes,False,-0.5657364610748746,0.6925485130875209
0,3,male,55.5,0,0,8.05,S,Third,man,True,Southampton,no,True,2.00873329018838,-0.4863374216869257
0,3,male,40.5,0,2,14.5,S,Third,man,True,Southampton,no,False,0.8559856403690123,-0.35646868933346404
0,3,male,28.0,0,0,7.3125,S,Third,man,True,Southampton,no,True,-0.10463740114712752,-0.5011867534870308
0,1,male,51.0,0,1,61.3792,C,First,man,True,Cherbourg,no,False,1.6629089952425695,0.5874293382238074
1,3,female,16.0,0,0,7.7333,Q,Third,woman,False,Queenstown,yes,True,-1.0268355210026217,-0.49271407711891657
0,3,male,30.0,0,0,8.05,S,Third,man,True,Southampton,no,True,0.04906228549545483,-0.4863374216869257
0,3,male,28.0,0,0,8.6625,S,Third,man,True,Southampton,no,True,-0.10463740114712752,-0.47400492578514347
0,3,male,28.0,8,2,69.55,S,Third,man,True,Southampton,no,False,-0.10463740114712752,0.7519458402879414
0,3,male,44.0,0,1,16.1,S,Third,man,True,Southampton,no,False,1.1249600919935314,-0.32425318983493084
1,2,female,40.0,0,0,15.75,S,Second,woman,False,Southampton,yes,True,0.8175607187083667,-0.331300330350235
0,3,male,26.0,0,0,7.775,S,Third,man,True,Southampton,no,True,-0.2583370877897099,-0.4918744606632361
0,3,male,17.0,0,0,8.6625,S,Third,man,True,Southampton,no,True,-0.9499856776813305,-0.47400492578514347
0,3,male,1.0,4,1,39.6875,S,Third,child,False,Southampton,no,False,-2.1795831708219895,0.1506737441786005
1,3,male,9.0,0,2,20.525,S,Third,child,False,Southampton,yes,False,-1.56478442425166,-0.2351571990343002
1,1,female,28.0,0,1,55.0,S,First,woman,False,Southampton,yes,False,-0.10463740114712752,0.4589861417231558
0,3,female,45.0,1,4,27.9,S,Third,woman,False,Southampton,no,False,1.2018099353148226,-0.08666388103324908
0,1,male,28.0,0,0,25.925,S,First,man,True,Southampton,no,True,-0.10463740114712752,-0.12642988822675086
0,3,male,28.0,0,0,56.4958,S,Third,man,True,Southampton,no,True,-0.10463740114712752,0.48910360681684706
0,1,male,61.0,0,0,33.5,S,First,man,True,Southampton,no,True,2.4314074284554814,0.026090367211616904
0,3,male,4.0,4,1,29.125,Q,Third,child,False,Queenstown,no,False,-1.949033640858116,-0.06199888922968463
1,3,female,1.0,1,1,11.1333,S,Third,child,False,Southampton,yes,False,-2.1795831708219895,-0.4242561406845337
0,3,male,21.0,0,0,7.925,S,Third,man,True,Southampton,no,True,-0.6425863043961658,-0.4888542575852486
0,1,male,56.0,0,0,30.6958,C,First,man,True,Cherbourg,no,True,2.0471582118490255,-0.030371322596999754
0,3,male,18.0,1,1,7.8542,S,Third,man,True,Southampton,no,False,-0.8731358343600393,-0.4902797934380587
0,3,male,28.0,3,1,25.4667,S,Third,man,True,Southampton,no,False,-0.10463740114712752,-0.13565761536436197
0,1,female,50.0,0,0,28.7125,C,First,woman,False,Cherbourg,no,True,1.5860591519212783,-0.07030444769415023
0,2,male,30.0,0,0,13.0,S,Second,man,True,Southampton,no,True,0.04906228549545483,-0.3866707201133388
0,3,male,36.0,0,0,0.0,S,Third,man,True,Southampton,no,True,0.5101613454232019,-0.6484216535389205
0,3,female,28.0,8,2,69.55,S,Third,woman,False,Southampton,no,False,-0.10463740114712752,0.7519458402879414
0,2,male,28.0,0,0,15.05,C,Second,man,True,Cherbourg,no,True,-0.10463740114712752,-0.34539461138084326
0,3,male,9.0,4,2,31.3875,S,Third,child,False,Southampton,no,False,-1.56478442425166,-0.016444159470040135
1,2,male,1.0,2,1,39.0,S,Second,child,False,Southampton,yes,False,-2.1795831708219895,0.13683114673782454
1,3,female,4.0,0,2,22.025,S,Third,child,False,Southampton,yes,False,-1.949033640858116,-0.20495516825442542
0,1,male,28.0,0,0,50.0,S,First,man,True,Southampton,no,True,-0.10463740114712752,0.3583127057902398
1,3,female,28.0,1,0,15.5,Q,Third,woman,False,Queenstown,yes,False,-0.10463740114712752,-0.3363340021468808
1,1,male,45.0,0,0,26.55,S,First,man,True,Southampton,yes,True,1.2018099353148226,-0.11384570873513637
0,3,male,40.0,1,1,15.5,Q,Third,man,True,Queenstown,no,False,0.8175607187083667,-0.3363340021468808
0,3,male,36.0,0,0,7.8958,S,Third,man,True,Southampton,no,True,0.5101613454232019,-0.4894421904510968
1,2,female,32.0,0,0,13.0,S,Second,woman,False,Southampton,yes,True,0.20276197213803718,-0.3866707201133388
0,2,male,19.0,0,0,13.0,S,Second,man,True,Southampton,no,True,-0.7962859910387481,-0.3866707201133388
1,3,female,19.0,1,0,7.8542,S,Third,woman,False,Southampton,yes,False,-0.7962859910387481,-0.4902797934380587
1,2,male,3.0,1,1,26.0,S,Second,child,False,Southampton,yes,False,-2.025883484179407,-0.12491978668775715
1,1,female,44.0,0,0,27.7208,C,First,woman,False,Cherbourg,yes,True,1.1249600919935314,-0.09027201697708476
1,1,female,58.0,0,0,146.5208,C,First,woman,False,Cherbourg,yes,True,2.200857898491608,2.301728820789
0,3,male,28.0,0,0,7.75,Q,Third,man,True,Queenstown,no,True,-0.10463740114712752,-0.49237782784290063
0,3,male,42.0,0,1,8.4042,S,Third,man,True,Southampton,no,False,0.9712604053509489,-0.47920571548543794
1,3,female,28.0,0,0,7.75,Q,Third,woman,False,Queenstown,yes,True,-0.10463740114712752,-0.49237782784290063
0,2,female,24.0,0,0,13.0,S,Second,woman,False,Southampton,no,True,-0.41203677443229225,-0.3866707201133388
0,3,male,28.0,0,0,9.5,S,Third,man,True,Southampton,no,True,-0.10463740114712752,-0.45714212526638004
0,3,male,28.0,8,2,69.55,S,Third,man,True,Southampton,no,False,-0.10463740114712752,0.7519458402879414
0,3,male,34.0,0,0,6.4958,S,Third,man,True,Southampton,no,True,0.35646165878061953,-0.5176307525123133
0,3,male,45.5,0,0,7.225,C,Third,man,True,Cherbourg,no,True,1.2402348569754682,-0.5029485386158568
1,3,male,18.0,0,0,8.05,S,Third,man,True,Southampton,yes,True,-0.8731358343600393,-0.4863374216869257
0,3,female,2.0,0,1,10.4625,S,Third,child,False,Southampton,no,False,-2.1027333275006983,-0.43776248884929375
0,3,male,32.0,1,0,15.85,S,Third,man,True,Southampton,no,False,0.20276197213803718,-0.32928686163157667
1,3,male,26.0,0,0,18.7875,C,Third,man,True,Cherbourg,yes,True,-0.2583370877897099,-0.2701412180209885
1,3,female,16.0,0,0,7.75,Q,Third,woman,False,Queenstown,yes,True,-1.0268355210026217,-0.49237782784290063
1,1,male,40.0,0,0,31.0,C,First,man,True,Cherbourg,yes,True,0.8175607187083667,-0.024246350754841113
0,3,male,24.0,0,0,7.05,S,Third,man,True,Southampton,no,True,-0.41203677443229225,-0.5064721088735089
1,2,female,35.0,0,0,21.0,S,Second,woman,False,Southampton,yes,True,0.4333115021019107,-0.22559322262067316
0,3,male,22.0,0,0,7.25,S,Third,man,True,Southampton,no,True,-0.5657364610748746,-0.5024451714361923
0,2,male,30.0,0,0,13.0,S,Second,man,True,Southampton,no,True,0.04906228549545483,-0.3866707201133388
0,3,male,28.0,1,0,7.75,Q,Third,man,True,Queenstown,no,False,-0.10463740114712752,-0.49237782784290063
1,1,female,31.0,1,0,113.275,C,First,woman,False,Cherbourg,yes,False,0.12591212881674602,1.6323350375212924
1,3,female,27.0,0,0,7.925,S,Third,woman,False,Southampton,yes,True,-0.1814872444684187,-0.4888542575852486
0,2,male,42.0,1,0,27.0,S,Second,man,True,Southampton,no,False,0.9712604053509489,-0.10478509950117394
1,1,female,32.0,0,0,76.2917,C,First,woman,False,Cherbourg,yes,True,0.20276197213803718,0.8876878608937296
0,2,male,30.0,0,0,10.5,S,Second,man,True,Southampton,no,True,0.04906228549545483,-0.43700743807979686
1,3,male,16.0,0,0,8.05,S,Third,man,True,Southampton,yes,True,-1.0268355210026217,-0.4863374216869257
0,2,male,27.0,0,0,13.0,S,Second,man,True,Southampton,no,True,-0.1814872444684187,-0.3866707201133388
0,3,male,51.0,0,0,8.05,S,Third,man,True,Southampton,no,True,1.6629089952425695,-0.4863374216869257
0,3,male,28.0,0,0,7.8958,S,Third,man,True,Southampton,no,True,-0.10463740114712752,-0.4894421904510968
1,1,male,38.0,1,0,90.0,S,First,man,True,Southampton,yes,False,0.6638610320657843,1.163700193253568
0,3,male,22.0,0,0,9.35,S,Third,man,True,Southampton,no,True,-0.5657364610748746,-0.4601623283443675
1,2,male,19.0,0,0,10.5,S,Second,man,True,Southampton,yes,True,-0.7962859910387481,-0.43700743807979686
0,3,male,20.5,0,0,7.25,S,Third,man,True,Southampton,no,True,-0.6810112260568114,-0.5024451714361923
0,2,male,18.0,0,0,13.0,S,Second,man,True,Southampton,no,True,-0.8731358343600393,-0.3866707201133388
0,3,female,28.0,3,1,25.4667,S,Third,woman,False,Southampton,no,False,-0.10463740114712752,-0.13565761536436197
1,1,female,35.0,1,0,83.475,S,First,woman,False,Southampton,yes,False,0.4333115021019107,1.0323213593611125
0,3,male,29.0,0,0,7.775,S,Third,man,True,Southampton,no,True,-0.027787557825836348,-0.4918744606632361
0,2,male,59.0,0,0,13.5,S,Second,man,True,Southampton,no,True,2.277707741812899,-0.3766033765200472
1,3,female,5.0,4,2,31.3875,S,Third,child,False,Southampton,yes,False,-1.8721837975368247,-0.016444159470040135
0,2,male,24.0,0,0,10.5,S,Second,man,True,Southampton,no,True,-0.41203677443229225,-0.43700743807979686
0,3,female,28.0,0,0,7.55,S,Third,woman,False,Southampton,no,True,-0.10463740114712752,-0.49640476528021726
0,2,male,44.0,1,0,26.0,S,Second,man,True,Southampton,no,False,1.1249600919935314,-0.12491978668775715
1,2,female,8.0,0,2,26.25,S,Second,child,False,Southampton,yes,False,-1.6416342675729512,-0.11988611489111134
0,2,male,19.0,0,0,10.5,S,Second,man,True,Southampton,no,True,-0.7962859910387481,-0.43700743807979686
0,2,male,33.0,0,0,12.275,S,Second,man,True,Southampton,no,True,0.27961181545932834,-0.4012683683236117
0,3,female,28.0,1,0,14.4542,C,Third,woman,False,Cherbourg,no,False,-0.10463740114712752,-0.3573908580066095
1,3,female,28.0,1,0,15.5,Q,Third,woman,False,Queenstown,yes,False,-0.10463740114712752,-0.3363340021468808
0,2,male,29.0,0,0,10.5,S,Second,man,True,Southampton,no,True,-0.027787557825836348,-0.43700743807979686
0,3,male,22.0,0,0,7.125,S,Third,man,True,Southampton,no,True,-0.5657364610748746,-0.5049620073345151
0,3,male,30.0,0,0,7.225,C,Third,man,True,Cherbourg,no,True,0.04906228549545483,-0.5029485386158568
0,1,male,44.0,2,0,90.0,Q,First,man,True,Queenstown,no,False,1.1249600919935314,1.163700193253568
0,3,female,25.0,0,0,7.775,S,Third,woman,False,Southampton,no,True,-0.33518693111100106,-0.4918744606632361
1,2,female,24.0,0,2,14.5,S,Second,woman,False,Southampton,yes,False,-0.41203677443229225,-0.35646868933346404
1,1,male,37.0,1,1,52.5542,S,First,man,True,Southampton,yes,False,0.5870111887444931,0.40974072380221066
0,2,male,54.0,1,0,26.0,S,Second,man,True,Southampton,no,False,1.893458525206443,-0.12491978668775715
0,3,male,28.0,0,0,7.25,S,Third,man,True,Southampton,no,True,-0.10463740114712752,-0.5024451714361923
0,3,female,29.0,1,1,10.4625,S,Third,woman,False,Southampton,no,False,-0.027787557825836348,-0.43776248884929375
0,1,male,62.0,0,0,26.55,S,First,man,True,Southampton,no,True,2.5082572717767726,-0.11384570873513637
0,3,male,30.0,1,0,16.1,S,Third,man,True,Southampton,no,False,0.04906228549545483,-0.32425318983493084
0,3,female,41.0,0,2,20.2125,S,Third,woman,False,Southampton,no,False,0.8944105620296577,-0.2414492887801075
1,3,female,29.0,0,2,15.2458,C,Third,woman,False,Cherbourg,yes,False,-0.027787557825836348,-0.3414522396297103
1,1,female,28.0,0,0,79.2,C,First,woman,False,Cherbourg,yes,True,-0.10463740114712752,0.9462455716384695
1,1,female,30.0,0,0,86.5,S,First,woman,False,Southampton,yes,True,0.04906228549545483,1.093228788100527
1,1,female,35.0,0,0,512.3292,C,First,woman,False,Cherbourg,yes,True,0.4333115021019107,9.667166525013505
1,2,female,50.0,0,1,26.0,S,Second,woman,False,Southampton,yes,False,1.5860591519212783,-0.12491978668775715
0,3,male,28.0,0,0,7.75,Q,Third,man,True,Queenstown,no,True,-0.10463740114712752,-0.49237782784290063
1,3,male,3.0,4,2,31.3875,S,Third,child,False,Southampton,yes,False,-2.025883484179407,-0.016444159470040135
0,1,male,52.0,1,1,79.65,S,First,man,True,Southampton,no,False,1.7397588385638607,0.955306180872432
0,1,male,40.0,0,0,0.0,S,First,man,True,Southampton,no,True,0.8175607187083667,-0.6484216535389205
0,3,female,28.0,0,0,7.75,Q,Third,woman,False,Queenstown,no,True,-0.10463740114712752,-0.49237782784290063
0,2,male,36.0,0,0,10.5,S,Second,man,True,Southampton,no,True,0.5101613454232019,-0.43700743807979686
0,3,male,16.0,4,1,39.6875,S,Third,man,True,Southampton,no,False,-1.0268355210026217,0.1506737441786005
1,3,male,25.0,1,0,7.775,S,Third,man,True,Southampton,yes,False,-0.33518693111100106,-0.4918744606632361
1,1,female,58.0,0,1,153.4625,S,First,woman,False,Southampton,yes,False,2.200857898491608,2.441497778832105
1,1,female,35.0,0,0,135.6333,S,First,woman,False,Southampton,yes,True,0.4333115021019107,2.0825124140450755
0,1,male,28.0,0,0,31.0,S,First,man,True,Southampton,no,True,-0.10463740114712752,-0.024246350754841113
1,3,male,25.0,0,0,0.0,S,Third,man,True,Southampton,yes,True,-0.33518693111100106,-0.6484216535389205
1,2,female,41.0,0,1,19.5,S,Second,woman,False,Southampton,yes,False,0.8944105620296577,-0.255795253400548
0,1,male,37.0,0,1,29.7,C,First,man,True,Cherbourg,no,False,0.5870111887444931,-0.05042144409739929
1,3,female,28.0,0,0,7.75,Q,Third,woman,False,Queenstown,yes,True,-0.10463740114712752,-0.49237782784290063
1,1,female,63.0,1,0,77.9583,S,First,woman,False,Southampton,yes,False,2.585107115098064,0.921244330558889
0,3,female,45.0,0,0,7.75,S,Third,woman,False,Southampton,no,True,1.2018099353148226,-0.49237782784290063
0,2,male,28.0,0,0,0.0,S,Second,man,True,Southampton,no,True,-0.10463740114712752,-0.6484216535389205
0,3,male,7.0,4,1,29.125,Q,Third,child,False,Queenstown,no,False,-1.7184841108942424,-0.06199888922968463
1,3,female,35.0,1,1,20.25,S,Third,woman,False,Southampton,yes,False,0.4333115021019107,-0.24069423801061057
0,3,male,65.0,0,0,7.75,Q,Third,man,True,Queenstown,no,True,2.738806801740646,-0.49237782784290063
0,3,male,28.0,0,0,7.8542,S,Third,man,True,Southampton,no,True,-0.10463740114712752,-0.4902797934380587
0,3,male,16.0,0,0,9.5,S,Third,man,True,Southampton,no,True,-1.0268355210026217,-0.45714212526638004
1,3,male,19.0,0,0,8.05,S,Third,man,True,Southampton,yes,True,-0.7962859910387481,-0.4863374216869257
0,1,male,28.0,0,0,26.0,S,First,man,True,Southampton,no,True,-0.10463740114712752,-0.12491978668775715
0,3,male,33.0,0,0,8.6625,C,Third,man,True,Cherbourg,no,True,0.27961181545932834,-0.47400492578514347
1,3,male,30.0,0,0,9.5,S,Third,man,True,Southampton,yes,True,0.04906228549545483,-0.45714212526638004
0,3,male,22.0,0,0,7.8958,S,Third,man,True,Southampton,no,True,-0.5657364610748746,-0.4894421904510968
1,2,male,42.0,0,0,13.0,S,Second,man,True,Southampton,yes,True,0.9712604053509489,-0.3866707201133388
1,3,female,22.0,0,0,7.75,Q,Third,woman,False,Queenstown,yes,True,-0.5657364610748746,-0.49237782784290063
1,1,female,26.0,0,0,78.85,S,First,woman,False,Southampton,yes,True,-0.2583370877897099,0.9391984311231651
1,1,female,19.0,1,0,91.0792,C,First,woman,False,Cherbourg,yes,False,-0.7962859910387481,1.1854295476653287
0,2,male,36.0,0,0,12.875,C,Second,man,True,Cherbourg,no,True,0.5101613454232019,-0.3891875560116617
0,3,female,24.0,0,0,8.85,S,Third,woman,False,Southampton,no,True,-0.41203677443229225,-0.4702296719376591
0,3,male,24.0,0,0,7.8958,S,Third,man,True,Southampton,no,True,-0.41203677443229225,-0.4894421904510968
0,1,male,28.0,0,0,27.7208,C,First,man,True,Cherbourg,no,True,-0.10463740114712752,-0.09027201697708476
0,3,male,23.5,0,0,7.2292,C,Third,man,True,Cherbourg,no,True,-0.45046169609293785,-0.5028639729296732
0,1,female,2.0,1,2,151.55,S,First,child,False,Southampton,no,False,-2.1027333275006983,2.4029901895877646
1,1,male,28.0,0,0,30.5,S,First,man,True,Southampton,yes,True,-0.10463740114712752,-0.034313694348132716
1,1,female,50.0,0,1,247.5208,C,First,woman,False,Cherbourg,yes,False,1.5860591519212783,4.335332226633905
1,3,female,28.0,0,0,7.75,Q,Third,woman,False,Queenstown,yes,True,-0.10463740114712752,-0.49237782784290063
1,3,male,28.0,2,0,23.25,Q,Third,man,True,Queenstown,yes,False,-0.10463740114712752,-0.18029017645086096
0,3,male,19.0,0,0,0.0,S,Third,man,True,Southampton,no,True,-0.7962859910387481,-0.6484216535389205
1,2,female,28.0,0,0,12.35,Q,Second,woman,False,Queenstown,yes,True,-0.10463740114712752,-0.3997582667846179
0,3,male,28.0,0,0,8.05,S,Third,man,True,Southampton,no,True,-0.10463740114712752,-0.4863374216869257
1,1,male,0.92,1,2,151.55,S,First,child,False,Southampton,yes,False,-2.1857311582876924,2.4029901895877646
1,1,female,28.0,0,0,110.8833,C,First,woman,False,Cherbourg,yes,True,-0.10463740114712752,1.5841789061771412
1,1,female,17.0,1,0,108.9,C,First,woman,False,Cherbourg,yes,False,-0.9499856776813305,1.5442457810799908
0,2,male,30.0,1,0,24.0,C,Second,man,True,Cherbourg,no,False,0.04906228549545483,-0.16518916106092355
1,1,female,30.0,0,0,56.9292,C,First,woman,False,Cherbourg,yes,True,0.04906228549545483,0.49782998024351216
1,1,female,24.0,0,0,83.1583,C,First,woman,False,Cherbourg,yes,True,-0.41203677443229225,1.0259447039291216
1,1,female,18.0,2,2,262.375,C,First,woman,False,Cherbourg,yes,False,-0.8731358343600393,4.634416897040849
0,2,female,26.0,1,1,26.0,S,Second,woman,False,Southampton,no,False,-0.2583370877897099,-0.12491978668775715
0,3,male,28.0,0,0,7.8958,S,Third,man,True,Southampton,no,True,-0.10463740114712752,-0.4894421904510968
0,2,male,43.0,1,1,26.25,S,Second,man,True,Southampton,no,False,1.0481102486722402,-0.11988611489111134
1,3,female,26.0,0,0,7.8542,S,Third,woman,False,Southampton,yes,True,-0.2583370877897099,-0.4902797934380587
1,2,female,24.0,1,0,26.0,S,Second,woman,False,Southampton,yes,False,-0.41203677443229225,-0.12491978668775715
0,2,male,54.0,0,0,14.0,S,Second,man,True,Southampton,no,True,1.893458525206443,-0.36653603292675563
1,1,female,31.0,0,2,164.8667,S,First,woman,False,Southampton,yes,False,0.12591212881674602,2.671117778445337
1,1,female,40.0,1,1,134.5,C,First,woman,False,Cherbourg,yes,False,0.8175607187083667,2.059693773056521
0,3,male,22.0,0,0,7.25,S,Third,man,True,Southampton,no,True,-0.5657364610748746,-0.5024451714361923
0,3,male,27.0,0,0,7.8958,S,Third,man,True,Southampton,no,True,-0.1814872444684187,-0.4894421904510968
1,2,female,30.0,0,0,12.35,Q,Second,woman,False,Queenstown,yes,True,0.04906228549545483,-0.3997582667846179
1,2,female,22.0,1,1,29.0,S,Second,woman,False,Southampton,yes,False,-0.5657364610748746,-0.06451572512800753
0,3,male,28.0,8,2,69.55,S,Third,man,True,Southampton,no,False,-0.10463740114712752,0.7519458402879414
1,1,female,36.0,0,0,135.6333,C,First,woman,False,Cherbourg,yes,True,0.5101613454232019,2.0825124140450755
0,3,male,61.0,0,0,6.2375,S,Third,man,True,Southampton,no,True,2.4314074284554814,-0.5228315422126077
1,2,female,36.0,0,0,13.0,S,Second,woman,False,Southampton,yes,True,0.5101613454232019,-0.3866707201133388
1,3,female,31.0,1,1,20.525,S,Third,woman,False,Southampton,yes,False,0.12591212881674602,-0.2351571990343002
1,1,female,16.0,0,1,57.9792,C,First,woman,False,Cherbourg,yes,False,-1.0268355210026217,0.5189714017894245
1,3,female,28.0,2,0,23.25,Q,Third,woman,False,Queenstown,yes,False,-0.10463740114712752,-0.18029017645086096
0,1,male,45.5,0,0,28.5,S,First,man,True,Southampton,no,True,1.2402348569754682,-0.07458306872129913
0,1,male,38.0,0,1,153.4625,S,First,man,True,Southampton,no,False,0.6638610320657843,2.441497778832105
0,3,male,16.0,2,0,18.0,S,Third,man,True,Southampton,no,False,-1.0268355210026217,-0.2859972841804228
1,1,female,28.0,1,0,133.65,S,First,woman,False,Southampton,yes,False,-0.10463740114712752,2.042579288947925
0,3,male,28.0,0,0,7.8958,S,Third,man,True,Southampton,no,True,-0.10463740114712752,-0.4894421904510968
0,1,male,29.0,1,0,66.6,S,First,man,True,Southampton,no,False,-0.027787557825836348,0.6925485130875209
1,1,female,41.0,0,0,134.5,C,First,woman,False,Cherbourg,yes,True,0.8944105620296577,2.059693773056521
1,3,male,45.0,0,0,8.05,S,Third,man,True,Southampton,yes,True,1.2018099353148226,-0.4863374216869257
0,1,male,45.0,0,0,35.5,S,First,man,True,Southampton,no,True,1.2018099353148226,0.06635974158478332
1,2,male,2.0,1,1,26.0,S,Second,child,False,Southampton,yes,False,-2.1027333275006983,-0.12491978668775715
1,1,female,24.0,3,2,263.0,S,First,woman,False,Southampton,yes,False,-0.41203677443229225,4.647001076532463
0,2,male,28.0,0,0,13.0,S,Second,man,True,Southampton,no,True,-0.10463740114712752,-0.3866707201133388
0,2,male,25.0,0,0,13.0,S,Second,man,True,Southampton,no,True,-0.33518693111100106,-0.3866707201133388
0,2,male,36.0,0,0,13.0,S,Second,man,True,Southampton,no,True,0.5101613454232019,-0.3866707201133388
1,2,female,24.0,0,0,13.0,S,Second,woman,False,Southampton,yes,True,-0.41203677443229225,-0.3866707201133388
1,2,female,40.0,0,0,13.0,S,Second,woman,False,Southampton,yes,True,0.8175607187083667,-0.3866707201133388
1,3,female,28.0,1,0,16.1,S,Third,woman,False,Southampton,yes,False,-0.10463740114712752,-0.32425318983493084
1,3,male,3.0,1,1,15.9,S,Third,child,False,Southampton,yes,False,-2.025883484179407,-0.32828012727224753
0,3,male,42.0,0,0,8.6625,S,Third,man,True,Southampton,no,True,0.9712604053509489,-0.47400492578514347
0,3,male,23.0,0,0,9.225,S,Third,man,True,Southampton,no,True,-0.48888661775358344,-0.4626791642426904
0,1,male,28.0,0,0,35.0,S,First,man,True,Southampton,no,True,-0.10463740114712752,0.05629239799149171
0,3,male,15.0,1,1,7.2292,C,Third,child,False,Cherbourg,no,False,-1.1036853643239128,-0.5028639729296732
0,3,male,25.0,1,0,17.8,S,Third,man,True,Southampton,no,False,-0.33518693111100106,-0.29002422161773944
0,3,male,28.0,0,0,7.225,C,Third,man,True,Cherbourg,no,True,-0.10463740114712752,-0.5029485386158568
0,3,male,28.0,0,0,9.5,S,Third,man,True,Southampton,no,True,-0.10463740114712752,-0.45714212526638004
1,1,female,22.0,0,1,55.0,S,First,woman,False,Southampton,yes,False,-0.5657364610748746,0.4589861417231558
0,2,female,38.0,0,0,13.0,S,Second,woman,False,Southampton,no,True,0.6638610320657843,-0.3866707201133388
1,3,female,28.0,0,0,7.8792,Q,Third,woman,False,Queenstown,yes,True,-0.10463740114712752,-0.48977642625839407
1,3,female,28.0,0,0,7.8792,Q,Third,woman,False,Queenstown,yes,True,-0.10463740114712752,-0.48977642625839407
0,3,male,40.0,1,4,27.9,S,Third,man,True,Southampton,no,False,0.8175607187083667,-0.08666388103324908
0,2,male,29.0,1,0,27.7208,C,Second,man,True,Cherbourg,no,False,-0.027787557825836348,-0.09027201697708476
0,3,female,45.0,0,1,14.4542,C,Third,woman,False,Cherbourg,no,False,1.2018099353148226,-0.3573908580066095
0,3,male,35.0,0,0,7.05,S,Third,man,True,Southampton,no,True,0.4333115021019107,-0.5064721088735089
0,3,male,28.0,1,0,15.5,Q,Third,man,True,Queenstown,no,False,-0.10463740114712752,-0.3363340021468808
0,3,male,30.0,0,0,7.25,S,Third,man,True,Southampton,no,True,0.04906228549545483,-0.5024451714361923
1,1,female,60.0,1,0,75.25,C,First,woman,False,Cherbourg,yes,False,2.3545575851341902,0.8667135572514657
1,3,female,28.0,0,0,7.2292,C,Third,woman,False,Cherbourg,yes,True,-0.10463740114712752,-0.5028639729296732
1,3,female,28.0,0,0,7.75,Q,Third,woman,False,Queenstown,yes,True,-0.10463740114712752,-0.49237782784290063
1,1,female,24.0,0,0,69.3,C,First,woman,False,Cherbourg,yes,True,-0.41203677443229225,0.7469121684912956
1,1,male,25.0,1,0,55.4417,C,First,man,True,Cherbourg,yes,False,-0.33518693111100106,0.4678796330534696
0,3,male,18.0,1,0,6.4958,S,Third,man,True,Southampton,no,False,-0.8731358343600393,-0.5176307525123133
0,3,male,19.0,0,0,8.05,S,Third,man,True,Southampton,no,True,-0.7962859910387481,-0.4863374216869257
0,1,male,22.0,0,0,135.6333,C,First,man,True,Cherbourg,no,True,-0.5657364610748746,2.0825124140450755
0,3,female,3.0,3,1,21.075,S,Third,child,False,Southampton,no,False,-2.025883484179407,-0.22408312108167944
1,1,female,28.0,1,0,82.1708,C,First,woman,False,Cherbourg,yes,False,-0.10463740114712752,1.0060617003323709
1,3,female,22.0,0,0,7.25,S,Third,woman,False,Southampton,yes,True,-0.5657364610748746,-0.5024451714361923
0,1,male,27.0,0,2,211.5,C,First,man,True,Cherbourg,no,False,-0.1814872444684187,3.610064686423428
0,3,male,20.0,0,0,4.0125,C,Third,man,True,Cherbourg,no,True,-0.719436147717457,-0.5676312212027554
0,3,male,19.0,0,0,7.775,S,Third,man,True,Southampton,no,True,-0.7962859910387481,-0.4918744606632361
1,1,female,42.0,0,0,227.525,C,First,woman,False,Cherbourg,yes,True,0.9712604053509489,3.9327230485884233
1,3,female,1.0,0,2,15.7417,C,Third,child,False,Cherbourg,yes,False,-2.1795831708219895,-0.33146744825388363
0,3,male,32.0,0,0,7.925,S,Third,man,True,Southampton,no,True,0.20276197213803718,-0.4888542575852486
1,1,female,35.0,1,0,52.0,S,First,woman,False,Southampton,yes,False,0.4333115021019107,0.39858208016340624
0,3,male,28.0,0,0,7.8958,S,Third,man,True,Southampton,no,True,-0.10463740114712752,-0.4894421904510968
0,2,male,18.0,0,0,73.5,S,Second,man,True,Southampton,no,True,-0.8731358343600393,0.8314778546749452
0,3,male,1.0,5,2,46.9,S,Third,child,False,Southampton,no,False,-2.1795831708219895,0.2958951755118318
1,2,female,36.0,0,0,13.0,S,Second,woman,False,Southampton,yes,True,0.5101613454232019,-0.3866707201133388
0,3,male,28.0,0,0,7.7292,Q,Third,man,True,Queenstown,no,True,-0.10463740114712752,-0.49279662933638163
1,2,female,17.0,0,0,12.0,C,Second,woman,False,Cherbourg,yes,True,-0.9499856776813305,-0.40680540729992204
1,1,male,36.0,1,2,120.0,S,First,man,True,Southampton,yes,False,0.5101613454232019,1.7677408088510642
1,3,male,21.0,0,0,7.7958,S,Third,man,True,Southampton,yes,True,-0.6425863043961658,-0.49145565916975514
0,3,male,28.0,2,0,7.925,S,Third,man,True,Southampton,no,False,-0.10463740114712752,-0.4888542575852486
1,1,female,23.0,1,0,113.275,C,First,woman,False,Cherbourg,yes,False,-0.48888661775358344,1.6323350375212924
1,3,female,24.0,0,2,16.7,S,Third,woman,False,Southampton,yes,False,-0.41203677443229225,-0.312172377522981
0,3,male,22.0,0,0,7.7958,S,Third,man,True,Southampton,no,True,-0.5657364610748746,-0.49145565916975514
0,3,female,31.0,0,0,7.8542,S,Third,woman,False,Southampton,no,True,0.12591212881674602,-0.4902797934380587
0,2,male,46.0,0,0,26.0,S,Second,man,True,Southampton,no,True,1.2786597786361138,-0.12491978668775715
0,2,male,23.0,0,0,10.5,S,Second,man,True,Southampton,no,True,-0.48888661775358344,-0.43700743807979686
1,2,female,28.0,0,0,12.65,S,Second,woman,False,Southampton,yes,True,-0.10463740114712752,-0.393717860628643
1,3,male,39.0,0,0,7.925,S,Third,man,True,Southampton,yes,True,0.7407108753870755,-0.4888542575852486
0,3,male,26.0,0,0,8.05,S,Third,man,True,Southampton,no,True,-0.2583370877897099,-0.4863374216869257
0,3,female,21.0,1,0,9.825,S,Third,woman,False,Southampton,no,False,-0.6425863043961658,-0.4505983519307405
0,3,male,28.0,1,0,15.85,S,Third,man,True,Southampton,no,False,-0.10463740114712752,-0.32928686163157667
0,3,female,20.0,0,0,8.6625,S,Third,woman,False,Southampton,no,True,-0.719436147717457,-0.47400492578514347
0,2,male,34.0,1,0,21.0,S,Second,man,True,Southampton,no,False,0.35646165878061953,-0.22559322262067316
0,3,male,51.0,0,0,7.75,S,Third,man,True,Southampton,no,True,1.6629089952425695,-0.49237782784290063
1,2,male,3.0,1,1,18.75,S,Second,child,False,Southampton,yes,False,-2.025883484179407,-0.2708962687904854
0,3,male,21.0,0,0,7.775,S,Third,man,True,Southampton,no,True,-0.6425863043961658,-0.4918744606632361
0,3,female,28.0,3,1,25.4667,S,Third,woman,False,Southampton,no,False,-0.10463740114712752,-0.13565761536436197
0,3,male,28.0,0,0,7.8958,S,Third,man,True,Southampton,no,True,-0.10463740114712752,-0.4894421904510968
0,3,male,28.0,0,0,6.8583,Q,Third,man,True,Queenstown,no,True,-0.10463740114712752,-0.5103319284071769
1,1,female,33.0,1,0,90.0,Q,First,woman,False,Queenstown,yes,False,0.27961181545932834,1.163700193253568
0,2,male,28.0,0,0,0.0,S,Second,man,True,Southampton,no,True,-0.10463740114712752,-0.6484216535389205
1,3,male,44.0,0,0,7.925,S,Third,man,True,Southampton,yes,True,1.1249600919935314,-0.4888542575852486
0,3,female,28.0,0,0,8.05,S,Third,woman,False,Southampton,no,True,-0.10463740114712752,-0.4863374216869257
1,2,female,34.0,1,1,32.5,S,Second,woman,False,Southampton,yes,False,0.35646165878061953,0.005955680025033696
1,2,female,18.0,0,2,13.0,S,Second,woman,False,Southampton,yes,False,-0.8731358343600393,-0.3866707201133388
0,2,male,30.0,0,0,13.0,S,Second,man,True,Southampton,no,True,0.04906228549545483,-0.3866707201133388
0,3,female,10.0,0,2,24.15,S,Third,child,False,Southampton,no,False,-1.4879345809303688,-0.1621689579829361
0,3,male,28.0,0,0,7.8958,C,Third,man,True,Cherbourg,no,True,-0.10463740114712752,-0.4894421904510968
0,3,male,21.0,0,0,7.7333,Q,Third,man,True,Queenstown,no,True,-0.6425863043961658,-0.49271407711891657
0,3,male,29.0,0,0,7.875,S,Third,man,True,Southampton,no,True,-0.027787557825836348,-0.4898609919445778
0,3,female,28.0,1,1,14.4,S,Third,woman,False,Southampton,no,False,-0.10463740114712752,-0.35848215805212236
0,3,male,18.0,1,1,20.2125,S,Third,man,True,Southampton,no,False,-0.8731358343600393,-0.2414492887801075
0,3,male,28.0,0,0,7.25,S,Third,man,True,Southampton,no,True,-0.10463740114712752,-0.5024451714361923
1,2,female,28.0,1,0,26.0,S,Second,woman,False,Southampton,yes,False,-0.10463740114712752,-0.12491978668775715
1,2,female,19.0,0,0,26.0,S,Second,woman,False,Southampton,yes,True,-0.7962859910387481,-0.12491978668775715
0,3,male,28.0,0,0,7.75,Q,Third,man,True,Queenstown,no,True,-0.10463740114712752,-0.49237782784290063
1,3,male,32.0,0,0,8.05,S,Third,man,True,Southampton,yes,True,0.20276197213803718,-0.4863374216869257
1,1,male,28.0,0,0,26.55,S,First,man,True,Southampton,yes,True,-0.10463740114712752,-0.11384570873513637
1,3,female,28.0,1,0,16.1,S,Third,woman,False,Southampton,yes,False,-0.10463740114712752,-0.32425318983493084
1,2,female,42.0,1,0,26.0,S,Second,woman,False,Southampton,yes,False,0.9712604053509489,-0.12491978668775715
0,3,male,17.0,0,0,7.125,S,Third,man,True,Southampton,no,True,-0.9499856776813305,-0.5049620073345151
0,1,male,50.0,1,0,55.9,S,First,man,True,Southampton,no,False,1.5860591519212783,0.4771073601910807
1,1,female,14.0,1,2,120.0,S,First,child,False,Southampton,yes,False,-1.180535207645204,1.7677408088510642
0,3,female,21.0,2,2,34.375,S,Third,woman,False,Southampton,no,False,-0.6425863043961658,0.04370821849987721
1,2,female,24.0,2,3,18.75,S,Second,woman,False,Southampton,yes,False,-0.41203677443229225,-0.2708962687904854
0,1,male,64.0,1,4,263.0,S,First,man,True,Southampton,no,False,2.661956958419355,4.647001076532463
0,2,male,31.0,0,0,10.5,S,Second,man,True,Southampton,no,True,0.12591212881674602,-0.43700743807979686
1,2,female,45.0,1,1,26.25,S,Second,woman,False,Southampton,yes,False,1.2018099353148226,-0.11988611489111134
0,3,male,20.0,0,0,9.5,S,Third,man,True,Southampton,no,True,-0.719436147717457,-0.45714212526638004
0,3,male,25.0,1,0,7.775,S,Third,man,True,Southampton,no,False,-0.33518693111100106,-0.4918744606632361
1,2,female,28.0,0,0,13.0,S,Second,woman,False,Southampton,yes,True,-0.10463740114712752,-0.3866707201133388
1,3,male,28.0,0,0,8.1125,S,Third,man,True,Southampton,yes,True,-0.10463740114712752,-0.48507900373776425
1,1,male,4.0,0,2,81.8583,S,First,child,False,Southampton,yes,False,-1.949033640858116,0.9997696105865636
1,2,female,13.0,0,1,19.5,S,Second,child,False,Southampton,yes,False,-1.2573850509664952,-0.255795253400548
1,1,male,34.0,0,0,26.55,S,First,man,True,Southampton,yes,True,0.35646165878061953,-0.11384570873513637
1,3,female,5.0,2,1,19.2583,C,Third,child,False,Cherbourg,yes,False,-1.8721837975368247,-0.26066180729354516
1,1,male,52.0,0,0,30.5,S,First,man,True,Southampton,yes,True,1.7397588385638607,-0.034313694348132716
0,2,male,36.0,1,2,27.75,S,Second,man,True,Southampton,no,False,0.5101613454232019,-0.08968408411123653
0,3,male,28.0,1,0,19.9667,S,Third,man,True,Southampton,no,False,-0.10463740114712752,-0.2463983948905696
0,1,male,30.0,0,0,27.75,C,First,man,True,Cherbourg,no,True,0.04906228549545483,-0.08968408411123653
1,1,male,49.0,1,0,89.1042,C,First,man,True,Cherbourg,yes,False,1.5092093085999871,1.145663540471827
0,3,male,28.0,0,0,8.05,S,Third,man,True,Southampton,no,True,-0.10463740114712752,-0.4863374216869257
1,3,male,29.0,0,0,7.8958,C,Third,man,True,Cherbourg,yes,True,-0.027787557825836348,-0.4894421904510968
0,1,male,65.0,0,0,26.55,S,First,man,True,Southampton,no,True,2.738806801740646,-0.11384570873513637
1,1,female,28.0,1,0,51.8625,S,First,woman,False,Southampton,yes,False,-0.10463740114712752,0.395813560675251
1,2,female,50.0,0,0,10.5,S,Second,woman,False,Southampton,yes,True,1.5860591519212783,-0.43700743807979686
0,3,male,28.0,0,0,7.75,Q,Third,man,True,Queenstown,no,True,-0.10463740114712752,-0.49237782784290063
1,1,male,48.0,0,0,26.55,S,First,man,True,Southampton,yes,True,1.432359465278696,-0.11384570873513637
0,3,male,34.0,0,0,8.05,S,Third,man,True,Southampton,no,True,0.35646165878061953,-0.4863374216869257
0,1,male,47.0,0,0,38.5,S,First,man,True,Southampton,no,True,1.3555096219574048,0.12676380314453292
0,2,male,48.0,0,0,13.0,S,Second,man,True,Southampton,no,True,1.432359465278696,-0.3866707201133388
0,3,male,28.0,0,0,8.05,S,Third,man,True,Southampton,no,True,-0.10463740114712752,-0.4863374216869257
0,3,male,38.0,0,0,7.05,S,Third,man,True,Southampton,no,True,0.6638610320657843,-0.5064721088735089
0,2,male,28.0,0,0,0.0,S,Second,man,True,Southampton,no,True,-0.10463740114712752,-0.6484216535389205
0,1,male,56.0,0,0,26.55,S,First,man,True,Southampton,no,True,2.0471582118490255,-0.11384570873513637
0,3,male,28.0,0,0,7.725,Q,Third,man,True,Queenstown,no,True,-0.10463740114712752,-0.4928811950225652
1,3,female,0.75,2,1,19.2583,C,Third,child,False,Cherbourg,yes,False,-2.1987956316523123,-0.26066180729354516
0,3,male,28.0,0,0,7.25,S,Third,man,True,Southampton,no,True,-0.10463740114712752,-0.5024451714361923
0,3,male,38.0,0,0,8.6625,S,Third,man,True,Southampton,no,True,0.6638610320657843,-0.47400492578514347
1,2,female,33.0,1,2,27.75,S,Second,woman,False,Southampton,yes,False,0.27961181545932834,-0.08968408411123653
1,2,female,23.0,0,0,13.7917,C,Second,woman,False,Cherbourg,yes,True,-0.48888661775358344,-0.3707300882677209
0,3,female,22.0,0,0,9.8375,S,Third,woman,False,Southampton,no,True,-0.5657364610748746,-0.45034666834090825
0,1,male,28.0,0,0,52.0,S,First,man,True,Southampton,no,True,-0.10463740114712752,0.39858208016340624
0,2,male,34.0,1,0,21.0,S,Second,man,True,Southampton,no,False,0.35646165878061953,-0.22559322262067316
0,3,male,29.0,1,0,7.0458,S,Third,man,True,Southampton,no,False,-0.027787557825836348,-0.5065566745596926
0,3,male,22.0,0,0,7.5208,S,Third,man,True,Southampton,no,True,-0.5657364610748746,-0.4969926981460655
1,3,female,2.0,0,1,12.2875,S,Third,child,False,Southampton,yes,False,-2.1027333275006983,-0.4010166847337793
0,3,male,9.0,5,2,46.9,S,Third,child,False,Southampton,no,False,-1.56478442425166,0.2958951755118318
0,2,male,28.0,0,0,0.0,S,Second,man,True,Southampton,no,True,-0.10463740114712752,-0.6484216535389205
0,3,male,50.0,0,0,8.05,S,Third,man,True,Southampton,no,True,1.5860591519212783,-0.4863374216869257
1,3,female,63.0,0,0,9.5875,S,Third,woman,False,Southampton,yes,True,2.585107115098064,-0.455380340137554
1,1,male,25.0,1,0,91.0792,C,First,man,True,Cherbourg,yes,False,-0.33518693111100106,1.1854295476653287
0,3,female,28.0,3,1,25.4667,S,Third,woman,False,Southampton,no,False,-0.10463740114712752,-0.13565761536436197
1,1,female,35.0,1,0,90.0,S,First,woman,False,Southampton,yes,False,0.4333115021019107,1.163700193253568
0,1,male,58.0,0,0,29.7,C,First,man,True,Cherbourg,no,True,2.200857898491608,-0.05042144409739929
0,3,male,30.0,0,0,8.05,S,Third,man,True,Southampton,no,True,0.04906228549545483,-0.4863374216869257
1,3,male,9.0,1,1,15.9,S,Third,child,False,Southampton,yes,False,-1.56478442425166,-0.32828012727224753
0,3,male,28.0,1,0,19.9667,S,Third,man,True,Southampton,no,False,-0.10463740114712752,-0.2463983948905696
0,3,male,21.0,0,0,7.25,S,Third,man,True,Southampton,no,True,-0.6425863043961658,-0.5024451714361923
0,1,male,55.0,0,0,30.5,S,First,man,True,Southampton,no,True,1.9703083685277343,-0.034313694348132716
0,1,male,71.0,0,0,49.5042,C,First,man,True,Cherbourg,no,True,3.1999058616683933,0.3483299278831318
0,3,male,21.0,0,0,8.05,S,Third,man,True,Southampton,no,True,-0.6425863043961658,-0.4863374216869257
0,3,male,28.0,0,0,14.4583,C,Third,man,True,Cherbourg,no,True,-0.10463740114712752,-0.3573083057891445
1,1,female,54.0,1,0,78.2667,C,First,woman,False,Cherbourg,yes,False,1.893458525206443,0.9274538680872313
0,3,male,28.0,0,0,15.1,S,Third,man,True,Southampton,no,True,-0.10463740114712752,-0.3443878770215141
0,1,female,25.0,1,2,151.55,S,First,woman,False,Southampton,no,False,-0.33518693111100106,2.4029901895877646
0,3,male,24.0,0,0,7.7958,S,Third,man,True,Southampton,no,True,-0.41203677443229225,-0.49145565916975514
0,3,male,17.0,0,0,8.6625,S,Third,man,True,Southampton,no,True,-0.9499856776813305,-0.47400492578514347
0,3,female,21.0,0,0,7.75,Q,Third,woman,False,Queenstown,no,True,-0.6425863043961658,-0.49237782784290063
0,3,female,28.0,0,0,7.6292,Q,Third,woman,False,Queenstown,no,True,-0.10463740114712752,-0.4948100980550399
0,3,female,37.0,0,0,9.5875,S,Third,woman,False,Southampton,no,True,0.5870111887444931,-0.455380340137554
1,1,female,16.0,0,0,86.5,S,First,woman,False,Southampton,yes,True,-1.0268355210026217,1.093228788100527
0,1,male,18.0,1,0,108.9,C,First,man,True,Cherbourg,no,False,-0.8731358343600393,1.5442457810799908
1,2,female,33.0,0,2,26.0,S,Second,woman,False,Southampton,yes,False,0.27961181545932834,-0.12491978668775715
1,1,male,28.0,0,0,26.55,S,First,man,True,Southampton,yes,True,-0.10463740114712752,-0.11384570873513637
0,3,male,28.0,0,0,22.525,S,Third,man,True,Southampton,no,True,-0.10463740114712752,-0.1948878246611338
1,3,male,26.0,0,0,56.4958,S,Third,man,True,Southampton,yes,True,-0.2583370877897099,0.48910360681684706
1,3,male,29.0,0,0,7.75,Q,Third,man,True,Queenstown,yes,True,-0.027787557825836348,-0.49237782784290063
0,3,male,28.0,0,0,8.05,S,Third,man,True,Southampton,no,True,-0.10463740114712752,-0.4863374216869257
1,1,male,36.0,0,0,26.2875,S,First,man,True,Southampton,yes,True,0.5101613454232019,-0.11913106412161445
1,1,female,54.0,1,0,59.4,C,First,woman,False,Cherbourg,yes,False,1.893458525206443,0.5475787653441219
0,3,male,24.0,0,0,7.4958,S,Third,man,True,Southampton,no,True,-0.41203677443229225,-0.4974960653257301
0,1,male,47.0,0,0,34.0208,S,First,man,True,Southampton,no,True,1.3555096219574048,0.036576512298389464
1,2,female,34.0,0,0,10.5,S,Second,woman,False,Southampton,yes,True,0.35646165878061953,-0.43700743807979686
0,3,male,28.0,0,0,24.15,Q,Third,man,True,Queenstown,no,True,-0.10463740114712752,-0.1621689579829361
1,2,female,36.0,1,0,26.0,S,Second,woman,False,Southampton,yes,False,0.5101613454232019,-0.12491978668775715
0,3,male,32.0,0,0,7.8958,S,Third,man,True,Southampton,no,True,0.20276197213803718,-0.4894421904510968
1,1,female,30.0,0,0,93.5,S,First,woman,False,Southampton,yes,True,0.04906228549545483,1.2341715984066093
0,3,male,22.0,0,0,7.8958,S,Third,man,True,Southampton,no,True,-0.5657364610748746,-0.4894421904510968
0,3,male,28.0,0,0,7.225,C,Third,man,True,Cherbourg,no,True,-0.10463740114712752,-0.5029485386158568
1,1,female,44.0,0,1,57.9792,C,First,woman,False,Cherbourg,yes,False,1.1249600919935314,0.5189714017894245
0,3,male,28.0,0,0,7.2292,C,Third,man,True,Cherbourg,no,True,-0.10463740114712752,-0.5028639729296732
0,3,male,40.5,0,0,7.75,Q,Third,man,True,Queenstown,no,True,0.8559856403690123,-0.49237782784290063
1,2,female,50.0,0,0,10.5,S,Second,woman,False,Southampton,yes,True,1.5860591519212783,-0.43700743807979686
0,1,male,28.0,0,0,221.7792,S,First,man,True,Southampton,no,True,-0.10463740114712752,3.817033162951754
0,3,male,39.0,0,0,7.925,S,Third,man,True,Southampton,no,True,0.7407108753870755,-0.4888542575852486
0,2,male,23.0,2,1,11.5,S,Second,man,True,Southampton,no,False,-0.48888661775358344,-0.41687275089321363
1,2,female,2.0,1,1,26.0,S,Second,child,False,Southampton,yes,False,-2.1027333275006983,-0.12491978668775715
0,3,male,28.0,0,0,7.2292,C,Third,man,True,Cherbourg,no,True,-0.10463740114712752,-0.5028639729296732
0,3,male,17.0,1,1,7.2292,C,Third,man,True,Cherbourg,no,False,-0.9499856776813305,-0.5028639729296732
1,3,female,28.0,0,2,22.3583,C,Third,woman,False,Cherbourg,yes,False,-0.10463740114712752,-0.19824427701513722
0,3,female,30.0,0,0,8.6625,S,Third,woman,False,Southampton,no,True,0.04906228549545483,-0.47400492578514347
1,2,female,7.0,0,2,26.25,S,Second,child,False,Southampton,yes,False,-1.7184841108942424,-0.11988611489111134
0,1,male,45.0,0,0,26.55,S,First,man,True,Southampton,no,True,1.2018099353148226,-0.11384570873513637
1,1,female,30.0,0,0,106.425,C,First,woman,False,Cherbourg,yes,True,0.04906228549545483,1.4944124302931971
0,3,male,28.0,0,0,14.5,S,Third,man,True,Southampton,no,True,-0.10463740114712752,-0.35646868933346404
1,1,female,22.0,0,2,49.5,C,First,woman,False,Cherbourg,yes,False,-0.5657364610748746,0.3482453621969482
1,1,female,36.0,0,2,71.0,S,First,woman,False,Southampton,yes,False,0.5101613454232019,0.7811411367084872
0,3,female,9.0,4,2,31.275,S,Third,child,False,Southampton,no,False,-1.56478442425166,-0.01870931177853076
0,3,female,11.0,4,2,31.275,S,Third,child,False,Southampton,no,False,-1.4110847376090776,-0.01870931177853076
1,2,male,32.0,1,0,26.0,S,Second,man,True,Southampton,yes,False,0.20276197213803718,-0.12491978668775715
0,1,male,50.0,1,0,106.425,C,First,man,True,Cherbourg,no,False,1.5860591519212783,1.4944124302931971
0,1,male,64.0,0,0,26.0,S,First,man,True,Southampton,no,True,2.661956958419355,-0.12491978668775715
1,2,female,19.0,1,0,26.0,S,Second,woman,False,Southampton,yes,False,-0.7962859910387481,-0.12491978668775715
1,2,male,28.0,0,0,13.8625,C,Second,man,True,Cherbourg,yes,True,-0.10463740114712752,-0.3693045524149108
0,3,male,33.0,1,1,20.525,S,Third,man,True,Southampton,no,False,0.27961181545932834,-0.2351571990343002
1,2,male,8.0,1,1,36.75,S,Second,child,False,Southampton,yes,False,-1.6416342675729512,0.09152810056801232
1,1,male,17.0,0,2,110.8833,C,First,man,True,Cherbourg,yes,False,-0.9499856776813305,1.5841789061771412
0,2,male,27.0,0,0,26.0,S,Second,man,True,Southampton,no,True,-0.1814872444684187,-0.12491978668775715
0,3,male,28.0,0,0,7.8292,Q,Third,man,True,Queenstown,no,True,-0.10463740114712752,-0.49078316061772326
1,3,male,22.0,0,0,7.225,C,Third,man,True,Cherbourg,yes,True,-0.5657364610748746,-0.5029485386158568
1,3,female,22.0,0,0,7.775,S,Third,woman,False,Southampton,yes,True,-0.5657364610748746,-0.4918744606632361
0,1,male,62.0,0,0,26.55,S,First,man,True,Southampton,no,True,2.5082572717767726,-0.11384570873513637
1,1,female,48.0,1,0,39.6,C,First,woman,False,Cherbourg,yes,False,1.432359465278696,0.1489119590497745
0,1,male,28.0,0,0,227.525,C,First,man,True,Cherbourg,no,True,-0.10463740114712752,3.9327230485884233
1,1,female,39.0,1,1,79.65,S,First,woman,False,Southampton,yes,False,0.7407108753870755,0.955306180872432
1,3,female,36.0,1,0,17.4,S,Third,woman,False,Southampton,yes,False,0.5101613454232019,-0.29807809649237277
0,3,male,28.0,0,0,7.75,Q,Third,man,True,Queenstown,no,True,-0.10463740114712752,-0.49237782784290063
0,3,male,40.0,0,0,7.8958,S,Third,man,True,Southampton,no,True,0.8175607187083667,-0.4894421904510968
0,2,male,28.0,0,0,13.5,S,Second,man,True,Southampton,no,True,-0.10463740114712752,-0.3766033765200472
0,3,male,28.0,0,0,8.05,S,Third,man,True,Southampton,no,True,-0.10463740114712752,-0.4863374216869257
0,3,female,28.0,0,0,8.05,S,Third,woman,False,Southampton,no,True,-0.10463740114712752,-0.4863374216869257
0,3,male,24.0,2,0,24.15,S,Third,man,True,Southampton,no,False,-0.41203677443229225,-0.1621689579829361
0,3,male,19.0,0,0,7.8958,S,Third,man,True,Southampton,no,True,-0.7962859910387481,-0.4894421904510968
0,3,female,29.0,0,4,21.075,S,Third,woman,False,Southampton,no,False,-0.027787557825836348,-0.22408312108167944
0,3,male,28.0,0,0,7.2292,C,Third,man,True,Cherbourg,no,True,-0.10463740114712752,-0.5028639729296732
1,3,male,32.0,0,0,7.8542,S,Third,man,True,Southampton,yes,True,0.20276197213803718,-0.4902797934380587
1,2,male,62.0,0,0,10.5,S,Second,man,True,Southampton,yes,True,2.5082572717767726,-0.43700743807979686
1,1,female,53.0,2,0,51.4792,S,First,woman,False,Southampton,yes,False,1.816608681885152,0.38809593507663365
1,1,male,36.0,0,0,26.3875,S,First,man,True,Southampton,yes,True,0.5101613454232019,-0.11711759540295616
1,3,female,28.0,0,0,7.75,Q,Third,woman,False,Queenstown,yes,True,-0.10463740114712752,-0.49237782784290063
0,3,male,16.0,0,0,8.05,S,Third,man,True,Southampton,no,True,-1.0268355210026217,-0.4863374216869257
0,3,male,19.0,0,0,14.5,S,Third,man,True,Southampton,no,True,-0.7962859910387481,-0.35646868933346404
1,2,female,34.0,0,0,13.0,S,Second,woman,False,Southampton,yes,True,0.35646165878061953,-0.3866707201133388
1,1,female,39.0,1,0,55.9,S,First,woman,False,Southampton,yes,False,0.7407108753870755,0.4771073601910807
0,3,female,28.0,1,0,14.4583,C,Third,woman,False,Cherbourg,no,False,-0.10463740114712752,-0.3573083057891445
1,3,male,32.0,0,0,7.925,S,Third,man,True,Southampton,yes,True,0.20276197213803718,-0.4888542575852486
1,2,female,25.0,1,1,30.0,S,Second,woman,False,Southampton,yes,False,-0.33518693111100106,-0.04438103794142432
1,1,female,39.0,1,1,110.8833,C,First,woman,False,Cherbourg,yes,False,0.7407108753870755,1.5841789061771412
0,2,male,54.0,0,0,26.0,S,Second,man,True,Southampton,no,True,1.893458525206443,-0.12491978668775715
0,1,male,36.0,0,0,40.125,C,First,man,True,Cherbourg,no,True,0.5101613454232019,0.15948266982273065
0,3,male,28.0,0,0,8.7125,C,Third,man,True,Cherbourg,no,True,-0.10463740114712752,-0.47299819142581434
1,1,female,18.0,0,2,79.65,S,First,woman,False,Southampton,yes,False,-0.8731358343600393,0.955306180872432
0,2,male,47.0,0,0,15.0,S,Second,man,True,Southampton,no,True,1.3555096219574048,-0.3464013457401724
1,1,male,60.0,1,1,79.2,C,First,man,True,Cherbourg,yes,False,2.3545575851341902,0.9462455716384695
0,3,male,22.0,0,0,8.05,S,Third,man,True,Southampton,no,True,-0.5657364610748746,-0.4863374216869257
0,3,male,28.0,0,0,8.05,S,Third,man,True,Southampton,no,True,-0.10463740114712752,-0.4863374216869257
0,3,male,35.0,0,0,7.125,S,Third,man,True,Southampton,no,True,0.4333115021019107,-0.5049620073345151
1,1,female,52.0,1,0,78.2667,C,First,woman,False,Cherbourg,yes,False,1.7397588385638607,0.9274538680872313
0,3,male,47.0,0,0,7.25,S,Third,man,True,Southampton,no,True,1.3555096219574048,-0.5024451714361923
0,3,female,28.0,0,2,7.75,Q,Third,woman,False,Queenstown,no,False,-0.10463740114712752,-0.49237782784290063
0,2,male,37.0,1,0,26.0,S,Second,man,True,Southampton,no,False,0.5870111887444931,-0.12491978668775715
0,3,male,36.0,1,1,24.15,S,Third,man,True,Southampton,no,False,0.5101613454232019,-0.1621689579829361
1,2,female,28.0,0,0,33.0,S,Second,woman,False,Southampton,yes,True,-0.10463740114712752,0.016023023618325298
0,3,male,49.0,0,0,0.0,S,Third,man,True,Southampton,no,True,1.5092093085999871,-0.6484216535389205
0,3,male,28.0,0,0,7.225,C,Third,man,True,Cherbourg,no,True,-0.10463740114712752,-0.5029485386158568
1,1,male,49.0,1,0,56.9292,C,First,man,True,Cherbourg,yes,False,1.5092093085999871,0.49782998024351216
1,2,female,24.0,2,1,27.0,S,Second,woman,False,Southampton,yes,False,-0.41203677443229225,-0.10478509950117394
0,3,male,28.0,0,0,7.8958,S,Third,man,True,Southampton,no,True,-0.10463740114712752,-0.4894421904510968
0,1,male,28.0,0,0,42.4,S,First,man,True,Southampton,no,True,-0.10463740114712752,0.2052890831722074
0,3,male,44.0,0,0,8.05,S,Third,man,True,Southampton,no,True,1.1249600919935314,-0.4863374216869257
1,1,male,35.0,0,0,26.55,C,First,man,True,Cherbourg,yes,True,0.4333115021019107,-0.11384570873513637
0,3,male,36.0,1,0,15.55,S,Third,man,True,Southampton,no,False,0.5101613454232019,-0.3353272677875516
0,3,male,30.0,0,0,7.8958,S,Third,man,True,Southampton,no,True,0.04906228549545483,-0.4894421904510968
1,1,male,27.0,0,0,30.5,S,First,man,True,Southampton,yes,True,-0.1814872444684187,-0.034313694348132716
1,2,female,22.0,1,2,41.5792,C,Second,woman,False,Cherbourg,yes,False,-0.5657364610748746,0.18876253192945994
1,1,female,40.0,0,0,153.4625,S,First,woman,False,Southampton,yes,True,0.8175607187083667,2.441497778832105
0,3,female,39.0,1,5,31.275,S,Third,woman,False,Southampton,no,False,0.7407108753870755,-0.01870931177853076
0,3,male,28.0,0,0,7.05,S,Third,man,True,Southampton,no,True,-0.10463740114712752,-0.5064721088735089
1,3,female,28.0,1,0,15.5,Q,Third,woman,False,Queenstown,yes,False,-0.10463740114712752,-0.3363340021468808
0,3,male,28.0,0,0,7.75,Q,Third,man,True,Queenstown,no,True,-0.10463740114712752,-0.49237782784290063
0,3,male,35.0,0,0,8.05,S,Third,man,True,Southampton,no,True,0.4333115021019107,-0.4863374216869257
1,2,female,24.0,1,2,65.0,S,Second,woman,False,Southampton,yes,False,-0.41203677443229225,0.6603330135889879
0,3,male,34.0,1,1,14.4,S,Third,man,True,Southampton,no,False,0.35646165878061953,-0.35848215805212236
0,3,female,26.0,1,0,16.1,S,Third,woman,False,Southampton,no,False,-0.2583370877897099,-0.32425318983493084
1,2,female,4.0,2,1,39.0,S,Second,child,False,Southampton,yes,False,-1.949033640858116,0.13683114673782454
0,2,male,26.0,0,0,10.5,S,Second,man,True,Southampton,no,True,-0.2583370877897099,-0.43700743807979686
0,3,male,27.0,1,0,14.4542,C,Third,man,True,Cherbourg,no,False,-0.1814872444684187,-0.3573908580066095
1,1,male,42.0,1,0,52.5542,S,First,man,True,Southampton,yes,False,0.9712604053509489,0.40974072380221066
1,3,male,20.0,1,1,15.7417,C,Third,man,True,Cherbourg,yes,False,-0.719436147717457,-0.33146744825388363
0,3,male,21.0,0,0,7.8542,S,Third,man,True,Southampton,no,True,-0.6425863043961658,-0.4902797934380587
0,3,male,21.0,0,0,16.1,S,Third,man,True,Southampton,no,True,-0.6425863043961658,-0.32425318983493084
0,1,male,61.0,0,0,32.3208,S,First,man,True,Southampton,no,True,2.4314074284554814,0.002347544081197954
0,2,male,57.0,0,0,12.35,Q,Second,man,True,Queenstown,no,True,2.1240080551703167,-0.3997582667846179
1,1,female,21.0,0,0,77.9583,S,First,woman,False,Southampton,yes,True,-0.6425863043961658,0.921244330558889
0,3,male,26.0,0,0,7.8958,S,Third,man,True,Southampton,no,True,-0.2583370877897099,-0.4894421904510968
0,3,male,28.0,0,0,7.7333,Q,Third,man,True,Queenstown,no,True,-0.10463740114712752,-0.49271407711891657
1,1,male,80.0,0,0,30.0,S,First,man,True,Southampton,yes,True,3.8915544515600136,-0.04438103794142432
0,3,male,51.0,0,0,7.0542,S,Third,man,True,Southampton,no,True,1.6629089952425695,-0.5063875431873253
1,1,male,32.0,0,0,30.5,C,First,man,True,Cherbourg,yes,True,0.20276197213803718,-0.034313694348132716
0,1,male,28.0,0,0,0.0,S,First,man,True,Southampton,no,True,-0.10463740114712752,-0.6484216535389205
0,3,female,9.0,3,2,27.9,S,Third,child,False,Southampton,no,False,-1.56478442425166,-0.08666388103324908
1,2,female,28.0,0,0,13.0,S,Second,woman,False,Southampton,yes,True,-0.10463740114712752,-0.3866707201133388
0,3,male,32.0,0,0,7.925,S,Third,man,True,Southampton,no,True,0.20276197213803718,-0.4888542575852486
0,2,male,31.0,1,1,26.25,S,Second,man,True,Southampton,no,False,0.12591212881674602,-0.11988611489111134
0,3,female,41.0,0,5,39.6875,S,Third,woman,False,Southampton,no,False,0.8944105620296577,0.1506737441786005
0,3,male,28.0,1,0,16.1,S,Third,man,True,Southampton,no,False,-0.10463740114712752,-0.32425318983493084
0,3,male,20.0,0,0,7.8542,S,Third,man,True,Southampton,no,True,-0.719436147717457,-0.4902797934380587
1,1,female,24.0,0,0,69.3,C,First,woman,False,Cherbourg,yes,True,-0.41203677443229225,0.7469121684912956
0,3,female,2.0,3,2,27.9,S,Third,child,False,Southampton,no,False,-2.1027333275006983,-0.08666388103324908
1,3,male,28.0,0,0,56.4958,S,Third,man,True,Southampton,yes,True,-0.10463740114712752,0.48910360681684706
1,3,female,0.75,2,1,19.2583,C,Third,child,False,Cherbourg,yes,False,-2.1987956316523123,-0.26066180729354516
1,1,male,48.0,1,0,76.7292,C,First,man,True,Cherbourg,yes,False,1.432359465278696,0.8964967865378598
0,3,male,19.0,0,0,7.8958,S,Third,man,True,Southampton,no,True,-0.7962859910387481,-0.4894421904510968
1,1,male,56.0,0,0,35.5,C,First,man,True,Cherbourg,yes,True,2.0471582118490255,0.06635974158478332
0,3,male,28.0,0,0,7.55,S,Third,man,True,Southampton,no,True,-0.10463740114712752,-0.49640476528021726
1,3,female,23.0,0,0,7.55,S,Third,woman,False,Southampton,yes,True,-0.48888661775358344,-0.49640476528021726
0,3,male,28.0,0,0,7.8958,S,Third,man,True,Southampton,no,True,-0.10463740114712752,-0.4894421904510968
1,2,female,18.0,0,1,23.0,S,Second,woman,False,Southampton,yes,False,-0.8731358343600393,-0.18532384824750675
0,3,male,21.0,0,0,8.4333,S,Third,man,True,Southampton,no,True,-0.6425863043961658,-0.47861979608830835
1,3,female,28.0,0,0,7.8292,Q,Third,woman,False,Queenstown,yes,True,-0.10463740114712752,-0.49078316061772326
0,3,female,18.0,0,0,6.75,Q,Third,woman,False,Queenstown,no,True,-0.8731358343600393,-0.5125125150294839
0,2,male,24.0,2,0,73.5,S,Second,man,True,Southampton,no,False,-0.41203677443229225,0.8314778546749452
0,3,male,28.0,0,0,7.8958,S,Third,man,True,Southampton,no,True,-0.10463740114712752,-0.4894421904510968
0,3,female,32.0,1,1,15.5,Q,Third,woman,False,Queenstown,no,False,0.20276197213803718,-0.3363340021468808
0,2,male,23.0,0,0,13.0,S,Second,man,True,Southampton,no,True,-0.48888661775358344,-0.3866707201133388
0,1,male,58.0,0,2,113.275,C,First,man,True,Cherbourg,no,False,2.200857898491608,1.6323350375212924
1,1,male,50.0,2,0,133.65,S,First,man,True,Southampton,yes,False,1.5860591519212783,2.042579288947925
0,3,male,40.0,0,0,7.225,C,Third,man,True,Cherbourg,no,True,0.8175607187083667,-0.5029485386158568
0,1,male,47.0,0,0,25.5875,S,First,man,True,Southampton,no,True,1.3555096219574048,-0.13322534515222276
0,3,male,36.0,0,0,7.4958,S,Third,man,True,Southampton,no,True,0.5101613454232019,-0.4974960653257301
1,3,male,20.0,1,0,7.925,S,Third,man,True,Southampton,yes,False,-0.719436147717457,-0.4888542575852486
0,2,male,32.0,2,0,73.5,S,Second,man,True,Southampton,no,False,0.20276197213803718,0.8314778546749452
0,2,male,25.0,0,0,13.0,S,Second,man,True,Southampton,no,True,-0.33518693111100106,-0.3866707201133388
0,3,male,28.0,0,0,7.775,S,Third,man,True,Southampton,no,True,-0.10463740114712752,-0.4918744606632361
0,3,male,43.0,0,0,8.05,S,Third,man,True,Southampton,no,True,1.0481102486722402,-0.4863374216869257
1,1,female,28.0,1,0,52.0,S,First,woman,False,Southampton,yes,False,-0.10463740114712752,0.39858208016340624
1,2,female,40.0,1,1,39.0,S,Second,woman,False,Southampton,yes,False,0.8175607187083667,0.13683114673782454
0,1,male,31.0,1,0,52.0,S,First,man,True,Southampton,no,False,0.12591212881674602,0.39858208016340624
0,2,male,70.0,0,0,10.5,S,Second,man,True,Southampton,no,True,3.123056018347102,-0.43700743807979686
1,2,male,31.0,0,0,13.0,S,Second,man,True,Southampton,yes,True,0.12591212881674602,-0.3866707201133388
0,2,male,28.0,0,0,0.0,S,Second,man,True,Southampton,no,True,-0.10463740114712752,-0.6484216535389205
0,3,male,18.0,0,0,7.775,S,Third,man,True,Southampton,no,True,-0.8731358343600393,-0.4918744606632361
0,3,male,24.5,0,0,8.05,S,Third,man,True,Southampton,no,True,-0.37361185277164666,-0.4863374216869257
1,3,female,18.0,0,0,9.8417,S,Third,woman,False,Southampton,yes,True,-0.8731358343600393,-0.45026210265472455
0,3,female,43.0,1,6,46.9,S,Third,woman,False,Southampton,no,False,1.0481102486722402,0.2958951755118318
1,1,male,36.0,0,1,512.3292,C,First,man,True,Cherbourg,yes,False,0.5101613454232019,9.667166525013505
0,3,female,28.0,0,0,8.1375,Q,Third,woman,False,Queenstown,no,True,-0.10463740114712752,-0.48457563655809965
1,1,male,27.0,0,0,76.7292,C,First,man,True,Cherbourg,yes,True,-0.1814872444684187,0.8964967865378598
0,3,male,20.0,0,0,9.225,S,Third,man,True,Southampton,no,True,-0.719436147717457,-0.4626791642426904
0,3,male,14.0,5,2,46.9,S,Third,child,False,Southampton,no,False,-1.180535207645204,0.2958951755118318
0,2,male,60.0,1,1,39.0,S,Second,man,True,Southampton,no,False,2.3545575851341902,0.13683114673782454
0,2,male,25.0,1,2,41.5792,C,Second,man,True,Cherbourg,no,False,-0.33518693111100106,0.18876253192945994
0,3,male,14.0,4,1,39.6875,S,Third,child,False,Southampton,no,False,-1.180535207645204,0.1506737441786005
0,3,male,19.0,0,0,10.1708,S,Third,man,True,Southampton,no,True,-0.7962859910387481,-0.44363577710162005
0,3,male,18.0,0,0,7.7958,S,Third,man,True,Southampton,no,True,-0.8731358343600393,-0.49145565916975514
1,1,female,15.0,0,1,211.3375,S,First,child,False,Southampton,yes,False,-1.1036853643239128,3.6067927997556075
1,1,male,31.0,1,0,57.0,S,First,man,True,Southampton,yes,False,0.12591212881674602,0.49925551609632224
1,3,female,4.0,0,1,13.4167,C,Third,child,False,Cherbourg,yes,False,-1.949033640858116,-0.37828059596268965
1,3,male,28.0,0,0,56.4958,S,Third,man,True,Southampton,yes,True,-0.10463740114712752,0.48910360681684706
0,3,male,25.0,0,0,7.225,C,Third,man,True,Cherbourg,no,True,-0.33518693111100106,-0.5029485386158568
0,1,male,60.0,0,0,26.55,S,First,man,True,Southampton,no,True,2.3545575851341902,-0.11384570873513637
0,2,male,52.0,0,0,13.5,S,Second,man,True,Southampton,no,True,1.7397588385638607,-0.3766033765200472
0,3,male,44.0,0,0,8.05,S,Third,man,True,Southampton,no,True,1.1249600919935314,-0.4863374216869257
1,3,female,28.0,0,0,7.7333,Q,Third,woman,False,Queenstown,yes,True,-0.10463740114712752,-0.49271407711891657
0,1,male,49.0,1,1,110.8833,C,First,man,True,Cherbourg,no,False,1.5092093085999871,1.5841789061771412
0,3,male,42.0,0,0,7.65,S,Third,man,True,Southampton,no,True,0.9712604053509489,-0.494391296561559
1,1,female,18.0,1,0,227.525,C,First,woman,False,Cherbourg,yes,False,-0.8731358343600393,3.9327230485884233
1,1,male,35.0,0,0,26.2875,S,First,man,True,Southampton,yes,True,0.4333115021019107,-0.11913106412161445
0,3,female,18.0,0,1,14.4542,C,Third,woman,False,Cherbourg,no,False,-0.8731358343600393,-0.3573908580066095
0,3,male,25.0,0,0,7.7417,Q,Third,man,True,Queenstown,no,True,-0.33518693111100106,-0.4925449457465493
0,3,male,26.0,1,0,7.8542,S,Third,man,True,Southampton,no,False,-0.2583370877897099,-0.4902797934380587
0,2,male,39.0,0,0,26.0,S,Second,man,True,Southampton,no,True,0.7407108753870755,-0.12491978668775715
1,2,female,45.0,0,0,13.5,S,Second,woman,False,Southampton,yes,True,1.2018099353148226,-0.3766033765200472
1,1,male,42.0,0,0,26.2875,S,First,man,True,Southampton,yes,True,0.9712604053509489,-0.11913106412161445
1,1,female,22.0,0,0,151.55,S,First,woman,False,Southampton,yes,True,-0.5657364610748746,2.4029901895877646
1,3,male,28.0,1,1,15.2458,C,Third,man,True,Cherbourg,yes,False,-0.10463740114712752,-0.3414522396297103
1,1,female,24.0,0,0,49.5042,C,First,woman,False,Cherbourg,yes,True,-0.41203677443229225,0.3483299278831318
0,1,male,28.0,0,0,26.55,S,First,man,True,Southampton,no,True,-0.10463740114712752,-0.11384570873513637
1,1,male,48.0,1,0,52.0,S,First,man,True,Southampton,yes,False,1.432359465278696,0.39858208016340624
0,3,male,29.0,0,0,9.4833,S,Third,man,True,Southampton,no,True,-0.027787557825836348,-0.457478374542396
0,2,male,52.0,0,0,13.0,S,Second,man,True,Southampton,no,True,1.7397588385638607,-0.3866707201133388
0,3,male,19.0,0,0,7.65,S,Third,man,True,Southampton,no,True,-0.7962859910387481,-0.494391296561559
1,1,female,38.0,0,0,227.525,C,First,woman,False,Cherbourg,yes,True,0.6638610320657843,3.9327230485884233
1,2,female,27.0,0,0,10.5,S,Second,woman,False,Southampton,yes,True,-0.1814872444684187,-0.43700743807979686
0,3,male,28.0,0,0,15.5,Q,Third,man,True,Queenstown,no,True,-0.10463740114712752,-0.3363340021468808
0,3,male,33.0,0,0,7.775,S,Third,man,True,Southampton,no,True,0.27961181545932834,-0.4918744606632361
1,2,female,6.0,0,1,33.0,S,Second,child,False,Southampton,yes,False,-1.7953339542155335,0.016023023618325298
0,3,male,17.0,1,0,7.0542,S,Third,man,True,Southampton,no,False,-0.9499856776813305,-0.5063875431873253
0,2,male,34.0,0,0,13.0,S,Second,man,True,Southampton,no,True,0.35646165878061953,-0.3866707201133388
0,2,male,50.0,0,0,13.0,S,Second,man,True,Southampton,no,True,1.5860591519212783,-0.3866707201133388
1,1,male,27.0,1,0,53.1,S,First,man,True,Southampton,yes,False,-0.1814872444684187,0.4207302360686478
0,3,male,20.0,0,0,8.6625,S,Third,man,True,Southampton,no,True,-0.719436147717457,-0.47400492578514347
1,2,female,30.0,3,0,21.0,S,Second,woman,False,Southampton,yes,False,0.04906228549545483,-0.22559322262067316
1,3,female,28.0,0,0,7.7375,Q,Third,woman,False,Queenstown,yes,True,-0.10463740114712752,-0.4926295114327329
0,2,male,25.0,1,0,26.0,S,Second,man,True,Southampton,no,False,-0.33518693111100106,-0.12491978668775715
0,3,female,25.0,1,0,7.925,S,Third,woman,False,Southampton,no,False,-0.33518693111100106,-0.4888542575852486
1,1,female,29.0,0,0,211.3375,S,First,woman,False,Southampton,yes,True,-0.027787557825836348,3.6067927997556075
0,3,male,11.0,0,0,18.7875,C,Third,child,False,Cherbourg,no,True,-1.4110847376090776,-0.2701412180209885
0,2,male,28.0,0,0,0.0,S,Second,man,True,Southampton,no,True,-0.10463740114712752,-0.6484216535389205
0,2,male,23.0,0,0,13.0,S,Second,man,True,Southampton,no,True,-0.48888661775358344,-0.3866707201133388
0,2,male,23.0,0,0,13.0,S,Second,man,True,Southampton,no,True,-0.48888661775358344,-0.3866707201133388
0,3,male,28.5,0,0,16.1,S,Third,man,True,Southampton,no,True,-0.06621247948648194,-0.32425318983493084
0,3,female,48.0,1,3,34.375,S,Third,woman,False,Southampton,no,False,1.432359465278696,0.04370821849987721
1,1,male,35.0,0,0,512.3292,C,First,man,True,Cherbourg,yes,True,0.4333115021019107,9.667166525013505
0,3,male,28.0,0,0,7.8958,S,Third,man,True,Southampton,no,True,-0.10463740114712752,-0.4894421904510968
0,3,male,28.0,0,0,7.8958,S,Third,man,True,Southampton,no,True,-0.10463740114712752,-0.4894421904510968
1,1,male,28.0,0,0,30.0,S,First,man,True,Southampton,yes,True,-0.10463740114712752,-0.04438103794142432
0,1,male,36.0,1,0,78.85,S,First,man,True,Southampton,no,False,0.5101613454232019,0.9391984311231651
1,1,female,21.0,2,2,262.375,C,First,woman,False,Cherbourg,yes,False,-0.6425863043961658,4.634416897040849
0,3,male,24.0,1,0,16.1,S,Third,man,True,Southampton,no,False,-0.41203677443229225,-0.32425318983493084
1,3,male,31.0,0,0,7.925,S,Third,man,True,Southampton,yes,True,0.12591212881674602,-0.4888542575852486
0,1,male,70.0,1,1,71.0,S,First,man,True,Southampton,no,False,3.123056018347102,0.7811411367084872
0,3,male,16.0,1,1,20.25,S,Third,man,True,Southampton,no,False,-1.0268355210026217,-0.24069423801061057
1,2,female,30.0,0,0,13.0,S,Second,woman,False,Southampton,yes,True,0.04906228549545483,-0.3866707201133388
0,1,male,19.0,1,0,53.1,S,First,man,True,Southampton,no,False,-0.7962859910387481,0.4207302360686478
0,3,male,31.0,0,0,7.75,Q,Third,man,True,Queenstown,no,True,0.12591212881674602,-0.49237782784290063
1,2,female,4.0,1,1,23.0,S,Second,child,False,Southampton,yes,False,-1.949033640858116,-0.18532384824750675
1,3,male,6.0,0,1,12.475,S,Third,child,False,Southampton,yes,False,-1.7953339542155335,-0.397241430886295
0,3,male,33.0,0,0,9.5,S,Third,man,True,Southampton,no,True,0.27961181545932834,-0.45714212526638004
0,3,male,23.0,0,0,7.8958,S,Third,man,True,Southampton,no,True,-0.48888661775358344,-0.4894421904510968
1,2,female,48.0,1,2,65.0,S,Second,woman,False,Southampton,yes,False,1.432359465278696,0.6603330135889879
1,2,male,0.67,1,1,14.5,S,Second,child,False,Southampton,yes,False,-2.204943619118015,-0.35646868933346404
0,3,male,28.0,0,0,7.7958,S,Third,man,True,Southampton,no,True,-0.10463740114712752,-0.49145565916975514
0,2,male,18.0,0,0,11.5,S,Second,man,True,Southampton,no,True,-0.8731358343600393,-0.41687275089321363
0,3,male,34.0,0,0,8.05,S,Third,man,True,Southampton,no,True,0.35646165878061953,-0.4863374216869257
1,1,female,33.0,0,0,86.5,S,First,woman,False,Southampton,yes,True,0.27961181545932834,1.093228788100527
0,3,male,28.0,0,0,14.5,S,Third,man,True,Southampton,no,True,-0.10463740114712752,-0.35646868933346404
0,3,male,41.0,0,0,7.125,S,Third,man,True,Southampton,no,True,0.8944105620296577,-0.5049620073345151
1,3,male,20.0,0,0,7.2292,C,Third,man,True,Cherbourg,yes,True,-0.719436147717457,-0.5028639729296732
1,1,female,36.0,1,2,120.0,S,First,woman,False,Southampton,yes,False,0.5101613454232019,1.7677408088510642
0,3,male,16.0,0,0,7.775,S,Third,man,True,Southampton,no,True,-1.0268355210026217,-0.4918744606632361
1,1,female,51.0,1,0,77.9583,S,First,woman,False,Southampton,yes,False,1.6629089952425695,0.921244330558889
0,1,male,28.0,0,0,39.6,C,First,man,True,Cherbourg,no,True,-0.10463740114712752,0.1489119590497745
0,3,female,30.5,0,0,7.75,Q,Third,woman,False,Queenstown,no,True,0.08748720715610042,-0.49237782784290063
0,3,male,28.0,1,0,24.15,Q,Third,man,True,Queenstown,no,False,-0.10463740114712752,-0.1621689579829361
0,3,male,32.0,0,0,8.3625,S,Third,man,True,Southampton,no,True,0.20276197213803718,-0.4800453319411184
0,3,male,24.0,0,0,9.5,S,Third,man,True,Southampton,no,True,-0.41203677443229225,-0.45714212526638004
0,3,male,48.0,0,0,7.8542,S,Third,man,True,Southampton,no,True,1.432359465278696,-0.4902797934380587
0,2,female,57.0,0,0,10.5,S,Second,woman,False,Southampton,no,True,2.1240080551703167,-0.43700743807979686
0,3,male,28.0,0,0,7.225,C,Third,man,True,Cherbourg,no,True,-0.10463740114712752,-0.5029485386158568
1,2,female,54.0,1,3,23.0,S,Second,woman,False,Southampton,yes,False,1.893458525206443,-0.18532384824750675
0,3,male,18.0,0,0,7.75,S,Third,man,True,Southampton,no,True,-0.8731358343600393,-0.49237782784290063
0,3,male,28.0,0,0,7.75,Q,Third,man,True,Queenstown,no,True,-0.10463740114712752,-0.49237782784290063
1,3,female,5.0,0,0,12.475,S,Third,child,False,Southampton,yes,True,-1.8721837975368247,-0.397241430886295
0,3,male,28.0,0,0,7.7375,Q,Third,man,True,Queenstown,no,True,-0.10463740114712752,-0.4926295114327329
1,1,female,43.0,0,1,211.3375,S,First,woman,False,Southampton,yes,False,1.0481102486722402,3.6067927997556075
1,3,female,13.0,0,0,7.2292,C,Third,child,False,Cherbourg,yes,True,-1.2573850509664952,-0.5028639729296732
1,1,female,17.0,1,0,57.0,S,First,woman,False,Southampton,yes,False,-0.9499856776813305,0.49925551609632224
0,1,male,29.0,0,0,30.0,S,First,man,True,Southampton,no,True,-0.027787557825836348,-0.04438103794142432
0,3,male,28.0,1,2,23.45,S,Third,man,True,Southampton,no,False,-0.10463740114712752,-0.17626323901354432
0,3,male,25.0,0,0,7.05,S,Third,man,True,Southampton,no,True,-0.33518693111100106,-0.5064721088735089
0,3,male,25.0,0,0,7.25,S,Third,man,True,Southampton,no,True,-0.33518693111100106,-0.5024451714361923
1,3,female,18.0,0,0,7.4958,S,Third,woman,False,Southampton,yes,True,-0.8731358343600393,-0.4974960653257301
0,3,male,8.0,4,1,29.125,Q,Third,child,False,Queenstown,no,False,-1.6416342675729512,-0.06199888922968463
1,3,male,1.0,1,2,20.575,S,Third,child,False,Southampton,yes,False,-2.1795831708219895,-0.23415046467497105
0,1,male,46.0,0,0,79.2,C,First,man,True,Cherbourg,no,True,1.2786597786361138,0.9462455716384695
0,3,male,28.0,0,0,7.75,Q,Third,man,True,Queenstown,no,True,-0.10463740114712752,-0.49237782784290063
0,2,male,16.0,0,0,26.0,S,Second,man,True,Southampton,no,True,-1.0268355210026217,-0.12491978668775715
0,3,female,28.0,8,2,69.55,S,Third,woman,False,Southampton,no,False,-0.10463740114712752,0.7519458402879414
0,1,male,28.0,0,0,30.6958,C,First,man,True,Cherbourg,no,True,-0.10463740114712752,-0.030371322596999754
0,3,male,25.0,0,0,7.8958,S,Third,man,True,Southampton,no,True,-0.33518693111100106,-0.4894421904510968
0,2,male,39.0,0,0,13.0,S,Second,man,True,Southampton,no,True,0.7407108753870755,-0.3866707201133388
1,1,female,49.0,0,0,25.9292,S,First,woman,False,Southampton,yes,True,1.5092093085999871,-0.1263453225405672
1,3,female,31.0,0,0,8.6833,S,Third,woman,False,Southampton,yes,True,0.12591212881674602,-0.4735861242916626
0,3,male,30.0,0,0,7.2292,C,Third,man,True,Cherbourg,no,True,0.04906228549545483,-0.5028639729296732
0,3,female,30.0,1,1,24.15,S,Third,woman,False,Southampton,no,False,0.04906228549545483,-0.1621689579829361
0,2,male,34.0,0,0,13.0,S,Second,man,True,Southampton,no,True,0.35646165878061953,-0.3866707201133388
1,2,female,31.0,1,1,26.25,S,Second,woman,False,Southampton,yes,False,0.12591212881674602,-0.11988611489111134
1,1,male,11.0,1,2,120.0,S,First,child,False,Southampton,yes,False,-1.4110847376090776,1.7677408088510642
1,3,male,0.42,0,1,8.5167,C,Third,child,False,Cherbourg,yes,False,-2.224156079948338,-0.47694056317694733
1,3,male,27.0,0,0,6.975,S,Third,man,True,Southampton,yes,True,-0.1814872444684187,-0.5079822104125026
0,3,male,31.0,0,0,7.775,S,Third,man,True,Southampton,no,True,0.12591212881674602,-0.4918744606632361
0,1,male,39.0,0,0,0.0,S,First,man,True,Southampton,no,True,0.7407108753870755,-0.6484216535389205
0,3,female,18.0,0,0,7.775,S,Third,woman,False,Southampton,no,True,-0.8731358343600393,-0.4918744606632361
0,2,male,39.0,0,0,13.0,S,Second,man,True,Southampton,no,True,0.7407108753870755,-0.3866707201133388
1,1,female,33.0,1,0,53.1,S,First,woman,False,Southampton,yes,False,0.27961181545932834,0.4207302360686478
0,3,male,26.0,0,0,7.8875,S,Third,man,True,Southampton,no,True,-0.2583370877897099,-0.4896093083547455
0,3,male,39.0,0,0,24.15,S,Third,man,True,Southampton,no,True,0.7407108753870755,-0.1621689579829361
0,2,male,35.0,0,0,10.5,S,Second,man,True,Southampton,no,True,0.4333115021019107,-0.43700743807979686
0,3,female,6.0,4,2,31.275,S,Third,child,False,Southampton,no,False,-1.7953339542155335,-0.01870931177853076
0,3,male,30.5,0,0,8.05,S,Third,man,True,Southampton,no,True,0.08748720715610042,-0.4863374216869257
0,1,male,28.0,0,0,0.0,S,First,man,True,Southampton,no,True,-0.10463740114712752,-0.6484216535389205
0,3,female,23.0,0,0,7.925,S,Third,woman,False,Southampton,no,True,-0.48888661775358344,-0.4888542575852486
0,2,male,31.0,1,1,37.0042,C,Second,man,True,Cherbourg,no,False,0.12591212881674602,0.09664633805084172
0,3,male,43.0,0,0,6.45,S,Third,man,True,Southampton,no,True,1.0481102486722402,-0.5185529211854588
0,3,male,10.0,3,2,27.9,S,Third,child,False,Southampton,no,False,-1.4879345809303688,-0.08666388103324908
1,1,female,52.0,1,1,93.5,S,First,woman,False,Southampton,yes,False,1.7397588385638607,1.2341715984066093
1,3,male,27.0,0,0,8.6625,S,Third,man,True,Southampton,yes,True,-0.1814872444684187,-0.47400492578514347
0,1,male,38.0,0,0,0.0,S,First,man,True,Southampton,no,True,0.6638610320657843,-0.6484216535389205
1,3,female,27.0,0,1,12.475,S,Third,woman,False,Southampton,yes,False,-0.1814872444684187,-0.397241430886295
0,3,male,2.0,4,1,39.6875,S,Third,child,False,Southampton,no,False,-2.1027333275006983,0.1506737441786005
0,3,male,28.0,0,0,6.95,Q,Third,man,True,Queenstown,no,True,-0.10463740114712752,-0.5084855775921673
0,3,male,28.0,0,0,56.4958,S,Third,man,True,Southampton,no,True,-0.10463740114712752,0.48910360681684706
1,2,male,1.0,0,2,37.0042,C,Second,child,False,Cherbourg,yes,False,-2.1795831708219895,0.09664633805084172
1,3,male,28.0,0,0,7.75,Q,Third,man,True,Queenstown,yes,True,-0.10463740114712752,-0.49237782784290063
1,1,female,62.0,0,0,80.0,S,First,woman,False,Southampton,yes,True,2.5082572717767726,0.962353321387736
1,3,female,15.0,1,0,14.4542,C,Third,child,False,Cherbourg,yes,False,-1.1036853643239128,-0.3573908580066095
1,2,male,0.83,1,1,18.75,S,Second,child,False,Southampton,yes,False,-2.192647644186609,-0.2708962687904854
0,3,male,28.0,0,0,7.2292,C,Third,man,True,Cherbourg,no,True,-0.10463740114712752,-0.5028639729296732
0,3,male,23.0,0,0,7.8542,S,Third,man,True,Southampton,no,True,-0.48888661775358344,-0.4902797934380587
0,3,male,18.0,0,0,8.3,S,Third,man,True,Southampton,no,True,-0.8731358343600393,-0.48130374989027985
1,1,female,39.0,1,1,83.1583,C,First,woman,False,Cherbourg,yes,False,0.7407108753870755,1.0259447039291216
0,3,male,21.0,0,0,8.6625,S,Third,man,True,Southampton,no,True,-0.6425863043961658,-0.47400492578514347
0,3,male,28.0,0,0,8.05,S,Third,man,True,Southampton,no,True,-0.10463740114712752,-0.4863374216869257
1,3,male,32.0,0,0,56.4958,S,Third,man,True,Southampton,yes,True,0.20276197213803718,0.48910360681684706
1,1,male,28.0,0,0,29.7,C,First,man,True,Cherbourg,yes,True,-0.10463740114712752,-0.05042144409739929
0,3,male,20.0,0,0,7.925,S,Third,man,True,Southampton,no,True,-0.719436147717457,-0.4888542575852486
0,2,male,16.0,0,0,10.5,S,Second,man,True,Southampton,no,True,-1.0268355210026217,-0.43700743807979686
1,1,female,30.0,0,0,31.0,C,First,woman,False,Cherbourg,yes,True,0.04906228549545483,-0.024246350754841113
0,3,male,34.5,0,0,6.4375,C,Third,man,True,Cherbourg,no,True,0.3948865804412651,-0.5188046047752911
0,3,male,17.0,0,0,8.6625,S,Third,man,True,Southampton,no,True,-0.9499856776813305,-0.47400492578514347
0,3,male,42.0,0,0,7.55,S,Third,man,True,Southampton,no,True,0.9712604053509489,-0.49640476528021726
0,3,male,28.0,8,2,69.55,S,Third,man,True,Southampton,no,False,-0.10463740114712752,0.7519458402879414
0,3,male,35.0,0,0,7.8958,C,Third,man,True,Cherbourg,no,True,0.4333115021019107,-0.4894421904510968
0,2,male,28.0,0,1,33.0,S,Second,man,True,Southampton,no,False,-0.10463740114712752,0.016023023618325298
1,1,female,28.0,1,0,89.1042,C,First,woman,False,Cherbourg,yes,False,-0.10463740114712752,1.145663540471827
0,3,male,4.0,4,2,31.275,S,Third,child,False,Southampton,no,False,-1.949033640858116,-0.01870931177853076
0,3,male,74.0,0,0,7.775,S,Third,man,True,Southampton,no,True,3.430455391632267,-0.4918744606632361
0,3,female,9.0,1,1,15.2458,C,Third,child,False,Cherbourg,no,False,-1.56478442425166,-0.3414522396297103
1,1,female,16.0,0,1,39.4,S,First,woman,False,Southampton,yes,False,-1.0268355210026217,0.14488502161245778
0,2,female,44.0,1,0,26.0,S,Second,woman,False,Southampton,no,False,1.1249600919935314,-0.12491978668775715
1,3,female,18.0,0,1,9.35,S,Third,woman,False,Southampton,yes,False,-0.8731358343600393,-0.4601623283443675
1,1,female,45.0,1,1,164.8667,S,First,woman,False,Southampton,yes,False,1.2018099353148226,2.671117778445337
1,1,male,51.0,0,0,26.55,S,First,man,True,Southampton,yes,True,1.6629089952425695,-0.11384570873513637
1,3,female,24.0,0,3,19.2583,C,Third,woman,False,Cherbourg,yes,False,-0.41203677443229225,-0.26066180729354516
0,3,male,28.0,0,0,7.2292,C,Third,man,True,Cherbourg,no,True,-0.10463740114712752,-0.5028639729296732
0,3,male,41.0,2,0,14.1083,S,Third,man,True,Southampton,no,False,0.8944105620296577,-0.36435544630444866
0,2,male,21.0,1,0,11.5,S,Second,man,True,Southampton,no,False,-0.6425863043961658,-0.41687275089321363
1,1,female,48.0,0,0,25.9292,S,First,woman,False,Southampton,yes,True,1.432359465278696,-0.1263453225405672
0,3,female,28.0,8,2,69.55,S,Third,woman,False,Southampton,no,False,-0.10463740114712752,0.7519458402879414
0,2,male,24.0,0,0,13.0,S,Second,man,True,Southampton,no,True,-0.41203677443229225,-0.3866707201133388
1,2,female,42.0,0,0,13.0,S,Second,woman,False,Southampton,yes,True,0.9712604053509489,-0.3866707201133388
1,2,female,27.0,1,0,13.8583,C,Second,woman,False,Cherbourg,yes,False,-0.1814872444684187,-0.3693891181010945
0,1,male,31.0,0,0,50.4958,S,First,man,True,Southampton,no,True,0.12591212881674602,0.3682954836973478
0,3,male,28.0,0,0,9.5,S,Third,man,True,Southampton,no,True,-0.10463740114712752,-0.45714212526638004
1,3,male,4.0,1,1,11.1333,S,Third,child,False,Southampton,yes,False,-1.949033640858116,-0.4242561406845337
0,3,male,26.0,0,0,7.8958,S,Third,man,True,Southampton,no,True,-0.2583370877897099,-0.4894421904510968
1,1,female,47.0,1,1,52.5542,S,First,woman,False,Southampton,yes,False,1.3555096219574048,0.40974072380221066
0,1,male,33.0,0,0,5.0,S,First,man,True,Southampton,no,True,0.27961181545932834,-0.5477482176060045
0,3,male,47.0,0,0,9.0,S,Third,man,True,Southampton,no,True,1.3555096219574048,-0.46720946885967163
1,2,female,28.0,1,0,24.0,C,Second,woman,False,Cherbourg,yes,False,-0.10463740114712752,-0.16518916106092355
1,3,female,15.0,0,0,7.225,C,Third,child,False,Cherbourg,yes,True,-1.1036853643239128,-0.5029485386158568
0,3,male,20.0,0,0,9.8458,S,Third,man,True,Southampton,no,True,-0.719436147717457,-0.45017955043725955
0,3,male,19.0,0,0,7.8958,S,Third,man,True,Southampton,no,True,-0.7962859910387481,-0.4894421904510968
0,3,male,28.0,0,0,7.8958,S,Third,man,True,Southampton,no,True,-0.10463740114712752,-0.4894421904510968
1,1,female,56.0,0,1,83.1583,C,First,woman,False,Cherbourg,yes,False,2.0471582118490255,1.0259447039291216
1,2,female,25.0,0,1,26.0,S,Second,woman,False,Southampton,yes,False,-0.33518693111100106,-0.12491978668775715
0,3,male,33.0,0,0,7.8958,S,Third,man,True,Southampton,no,True,0.27961181545932834,-0.4894421904510968
0,3,female,22.0,0,0,10.5167,S,Third,woman,False,Southampton,no,True,-0.5657364610748746,-0.4366711888037809
0,2,male,28.0,0,0,10.5,S,Second,man,True,Southampton,no,True,-0.10463740114712752,-0.43700743807979686
0,3,male,25.0,0,0,7.05,S,Third,man,True,Southampton,no,True,-0.33518693111100106,-0.5064721088735089
0,3,female,39.0,0,5,29.125,Q,Third,woman,False,Queenstown,no,False,0.7407108753870755,-0.06199888922968463
0,2,male,27.0,0,0,13.0,S,Second,man,True,Southampton,no,True,-0.1814872444684187,-0.3866707201133388
1,1,female,19.0,0,0,30.0,S,First,woman,False,Southampton,yes,True,-0.7962859910387481,-0.04438103794142432
0,3,female,28.0,1,2,23.45,S,Third,woman,False,Southampton,no,False,-0.10463740114712752,-0.17626323901354432
1,1,male,26.0,0,0,30.0,C,First,man,True,Cherbourg,yes,True,-0.2583370877897099,-0.04438103794142432
0,3,male,32.0,0,0,7.75,Q,Third,man,True,Queenstown,no,True,0.20276197213803718,-0.49237782784290063
